abel533/Mapper,3c0b3307011fad53f811e08d05147d94fc6c0d67,base,tk.mybatis.mapper.test.country.TestDeleteByPrimaryKey.testDynamicDeleteEntity,victim,tk.mybatis.mapper.test.able.TestBasicAble.testInsert | tk.mybatis.mapper.base.genid.InsertGenIdTest.testUUID,https://github.com/abel533/Mapper/pull/838
abel533/Mapper,3c0b3307011fad53f811e08d05147d94fc6c0d67,base,tk.mybatis.mapper.test.country.TestDeleteByPrimaryKey.testDynamicDeleteEntity,victim,tk.mybatis.mapper.test.able.TestBasicAble.testUpdateByPrimaryKey | tk.mybatis.mapper.base.genid.InsertGenIdTest.testGenIdWithExistsId,https://github.com/abel533/Mapper/pull/838
abel533/Mapper,3c0b3307011fad53f811e08d05147d94fc6c0d67,base,tk.mybatis.mapper.test.country.TestDeleteByPrimaryKey.testDynamicDeleteEntity,victim,tk.mybatis.mapper.test.able.TestBasicAble.testUpdateByPrimaryKey | tk.mybatis.mapper.base.genid.InsertGenIdTest.testGenIdWithExistsId,https://github.com/abel533/Mapper/pull/838
abel533/Mapper,3c0b3307011fad53f811e08d05147d94fc6c0d67,base,tk.mybatis.mapper.test.country.TestDeleteByPrimaryKey.testDynamicDeleteEntity,victim,tk.mybatis.mapper.test.example.TestUpdateByExample.testUpdateByExample | tk.mybatis.mapper.base.genid.InsertGenIdTest.testGenId,https://github.com/abel533/Mapper/pull/838
abel533/Mapper,3c0b3307011fad53f811e08d05147d94fc6c0d67,base,tk.mybatis.mapper.test.country.TestDeleteByPrimaryKey.testDynamicDeleteException,victim,tk.mybatis.mapper.test.able.TestBasicAble.testInsert | tk.mybatis.mapper.base.genid.InsertGenIdTest.testUUID,https://github.com/abel533/Mapper/pull/838
abel533/Mapper,3c0b3307011fad53f811e08d05147d94fc6c0d67,base,tk.mybatis.mapper.test.country.TestDeleteByPrimaryKey.testDynamicDeleteException,victim,tk.mybatis.mapper.test.able.TestBasicAble.testUpdateByPrimaryKey | tk.mybatis.mapper.base.genid.InsertGenIdTest.testGenIdWithExistsId,https://github.com/abel533/Mapper/pull/838
abel533/Mapper,3c0b3307011fad53f811e08d05147d94fc6c0d67,base,tk.mybatis.mapper.test.country.TestDeleteByPrimaryKey.testDynamicDeleteException,victim,tk.mybatis.mapper.test.able.TestBasicAble.testUpdateByPrimaryKey | tk.mybatis.mapper.base.genid.InsertGenIdTest.testGenIdWithExistsId,https://github.com/abel533/Mapper/pull/838
abel533/Mapper,3c0b3307011fad53f811e08d05147d94fc6c0d67,base,tk.mybatis.mapper.test.country.TestDeleteByPrimaryKey.testDynamicDeleteException,victim,tk.mybatis.mapper.test.example.TestUpdateByExample.testUpdateByExample | tk.mybatis.mapper.base.genid.InsertGenIdTest.testGenId,https://github.com/abel533/Mapper/pull/838
abel533/Mapper,3c0b3307011fad53f811e08d05147d94fc6c0d67,base,tk.mybatis.mapper.test.country.TestDeleteByPrimaryKey.testDynamicDeleteMap,victim,tk.mybatis.mapper.test.able.TestBasicAble.testInsert | tk.mybatis.mapper.base.genid.InsertGenIdTest.testUUID,https://github.com/abel533/Mapper/pull/838
abel533/Mapper,3c0b3307011fad53f811e08d05147d94fc6c0d67,base,tk.mybatis.mapper.test.country.TestDeleteByPrimaryKey.testDynamicDeleteMap,victim,tk.mybatis.mapper.test.able.TestBasicAble.testUpdateByPrimaryKey | tk.mybatis.mapper.base.genid.InsertGenIdTest.testGenIdWithExistsId,https://github.com/abel533/Mapper/pull/838
abel533/Mapper,3c0b3307011fad53f811e08d05147d94fc6c0d67,base,tk.mybatis.mapper.test.country.TestDeleteByPrimaryKey.testDynamicDeleteMap,victim,tk.mybatis.mapper.test.able.TestBasicAble.testUpdateByPrimaryKey | tk.mybatis.mapper.base.genid.InsertGenIdTest.testGenIdWithExistsId,https://github.com/abel533/Mapper/pull/838
abel533/Mapper,3c0b3307011fad53f811e08d05147d94fc6c0d67,base,tk.mybatis.mapper.test.country.TestDeleteByPrimaryKey.testDynamicDeleteMap,victim,tk.mybatis.mapper.test.example.TestUpdateByExample.testUpdateByExample | tk.mybatis.mapper.base.genid.InsertGenIdTest.testGenId,https://github.com/abel533/Mapper/pull/838
abel533/Mapper,3c0b3307011fad53f811e08d05147d94fc6c0d67,base,tk.mybatis.mapper.test.country.TestDeleteByPrimaryKey.testDynamicDelete,victim,tk.mybatis.mapper.test.able.TestBasicAble.testInsert | tk.mybatis.mapper.base.genid.InsertGenIdTest.testUUID,https://github.com/abel533/Mapper/pull/838
abel533/Mapper,3c0b3307011fad53f811e08d05147d94fc6c0d67,base,tk.mybatis.mapper.test.country.TestDeleteByPrimaryKey.testDynamicDelete,victim,tk.mybatis.mapper.test.able.TestBasicAble.testUpdateByPrimaryKey | tk.mybatis.mapper.base.genid.InsertGenIdTest.testGenIdWithExistsId,https://github.com/abel533/Mapper/pull/838
abel533/Mapper,3c0b3307011fad53f811e08d05147d94fc6c0d67,base,tk.mybatis.mapper.test.country.TestDeleteByPrimaryKey.testDynamicDelete,victim,tk.mybatis.mapper.test.able.TestBasicAble.testUpdateByPrimaryKey | tk.mybatis.mapper.base.genid.InsertGenIdTest.testGenIdWithExistsId,https://github.com/abel533/Mapper/pull/838
abel533/Mapper,3c0b3307011fad53f811e08d05147d94fc6c0d67,base,tk.mybatis.mapper.test.country.TestDeleteByPrimaryKey.testDynamicDelete,victim,tk.mybatis.mapper.test.example.TestUpdateByExample.testUpdateByExample | tk.mybatis.mapper.base.genid.InsertGenIdTest.testGenId,https://github.com/abel533/Mapper/pull/838
alibaba/easyexcel,756f16e42fbd7bc5c7fa18426cbc02fc81a42057,.,com.alibaba.easyexcel.test.core.simple.SimpleDataTest.t03SynchronousRead07,brittle,com.alibaba.easyexcel.test.core.simple.SimpleDataTest.t01ReadAndWrite07,https://github.com/alibaba/easyexcel/pull/1684
alibaba/easyexcel,756f16e42fbd7bc5c7fa18426cbc02fc81a42057,.,com.alibaba.easyexcel.test.core.simple.SimpleDataTest.t04SynchronousRead03,brittle,com.alibaba.easyexcel.test.core.simple.SimpleDataTest.t02ReadAndWrite03,https://github.com/alibaba/easyexcel/pull/1684
alibaba/fastjson,e05e9c5e4be580691cc55a59f3256595393203a1,.,com.alibaba.json.bvt.date.DateTest.test_date,brittle,com.alibaba.json.bvt.bug.Issue978.test_for_issue,https://github.com/alibaba/fastjson/pull/2148
alibaba/fastjson,e05e9c5e4be580691cc55a59f3256595393203a1,.,com.alibaba.json.bvt.date.DateTest.test_date,brittle,com.alibaba.json.bvt.bug.Issue978.test_for_issue,https://github.com/alibaba/fastjson/pull/2148
alibaba/fastjson,e05e9c5e4be580691cc55a59f3256595393203a1,.,com.alibaba.json.bvt.date.DateTest.test_date,brittle,com.alibaba.json.bvt.date.DateFieldTest2.test_codec,https://github.com/alibaba/fastjson/pull/2148
alibaba/fastjson,e05e9c5e4be580691cc55a59f3256595393203a1,.,com.alibaba.json.bvt.date.DateTest.test_date,brittle,com.alibaba.json.bvt.date.DateFieldTest2.test_codec_asm,https://github.com/alibaba/fastjson/pull/2148
alibaba/fastjson,e05e9c5e4be580691cc55a59f3256595393203a1,.,com.alibaba.json.bvt.date.DateTest.test_date,brittle,com.alibaba.json.bvt.date.DateFieldTest2.test_codec_no_asm,https://github.com/alibaba/fastjson/pull/2148
alibaba/fastjson,e05e9c5e4be580691cc55a59f3256595393203a1,.,com.alibaba.json.bvt.date.DateTest.test_date,brittle,com.alibaba.json.bvt.date.DateFieldTest2.test_codec_null_1,https://github.com/alibaba/fastjson/pull/2148
alibaba/fastjson,e05e9c5e4be580691cc55a59f3256595393203a1,.,com.alibaba.json.bvt.date.DateTest.test_date,brittle,com.alibaba.json.bvt.date.DateFieldTest2.test_codec_null_asm,https://github.com/alibaba/fastjson/pull/2148
alibaba/fastjson,e05e9c5e4be580691cc55a59f3256595393203a1,.,com.alibaba.json.bvt.date.DateTest.test_date,brittle,com.alibaba.json.bvt.date.DateFieldTest4.test_codec,https://github.com/alibaba/fastjson/pull/2148
alibaba/fastjson,e05e9c5e4be580691cc55a59f3256595393203a1,.,com.alibaba.json.bvt.date.DateTest.test_date,brittle,com.alibaba.json.bvt.date.DateFieldTest4.test_codec_asm,https://github.com/alibaba/fastjson/pull/2148
alibaba/fastjson,e05e9c5e4be580691cc55a59f3256595393203a1,.,com.alibaba.json.bvt.date.DateTest.test_date,brittle,com.alibaba.json.bvt.date.DateFieldTest4.test_codec_no_asm,https://github.com/alibaba/fastjson/pull/2148
alibaba/fastjson,e05e9c5e4be580691cc55a59f3256595393203a1,.,com.alibaba.json.bvt.date.DateTest.test_date,brittle,com.alibaba.json.bvt.date.DateFieldTest4.test_codec_null_1,https://github.com/alibaba/fastjson/pull/2148
alibaba/fastjson,e05e9c5e4be580691cc55a59f3256595393203a1,.,com.alibaba.json.bvt.date.DateTest.test_date,brittle,com.alibaba.json.bvt.date.DateFieldTest4.test_codec_null_asm,https://github.com/alibaba/fastjson/pull/2148
alibaba/fastjson,e05e9c5e4be580691cc55a59f3256595393203a1,.,com.alibaba.json.bvt.date.DateTest.test_date,brittle,com.alibaba.json.bvt.parser.DateParserTest.test_date_1,https://github.com/alibaba/fastjson/pull/2148
alibaba/fastjson,e05e9c5e4be580691cc55a59f3256595393203a1,.,com.alibaba.json.bvt.date.DateTest.test_date,brittle,com.alibaba.json.bvt.parser.DateParserTest.test_date_3,https://github.com/alibaba/fastjson/pull/2148
alibaba/fastjson,e05e9c5e4be580691cc55a59f3256595393203a1,.,com.alibaba.json.bvt.date.DateTest.test_date,brittle,com.alibaba.json.bvt.parser.DateParserTest.test_date_5,https://github.com/alibaba/fastjson/pull/2148
alibaba/fastjson,e05e9c5e4be580691cc55a59f3256595393203a1,.,com.alibaba.json.bvt.date.DateTest.test_date,brittle,com.alibaba.json.bvt.parser.DateParserTest.test_date_error_0,https://github.com/alibaba/fastjson/pull/2148
alibaba/fastjson,e05e9c5e4be580691cc55a59f3256595393203a1,.,com.alibaba.json.bvt.date.DateTest.test_date,brittle,com.alibaba.json.bvt.parser.DateParserTest.test_date_new_1,https://github.com/alibaba/fastjson/pull/2148
alibaba/fastjson,e05e9c5e4be580691cc55a59f3256595393203a1,.,com.alibaba.json.bvt.date.DateTest.test_date,brittle,com.alibaba.json.bvt.parser.DefaultJSONParserTest_date.test_date3,https://github.com/alibaba/fastjson/pull/2148
alibaba/fastjson,e05e9c5e4be580691cc55a59f3256595393203a1,.,com.alibaba.json.bvt.date.DateTest.test_date,brittle,com.alibaba.json.bvt.parser.DefaultJSONParserTest_date.test_date,https://github.com/alibaba/fastjson/pull/2148
alibaba/fastjson,e05e9c5e4be580691cc55a59f3256595393203a1,.,com.alibaba.json.bvt.date.DateTest.test_date,brittle,com.alibaba.json.bvt.parser.DefaultJSONParserTest_date.test_dateFormat,https://github.com/alibaba/fastjson/pull/2148
alibaba/fastjson,e05e9c5e4be580691cc55a59f3256595393203a1,.,com.alibaba.json.bvt.date.DateTest_tz.test_codec,brittle,com.alibaba.json.bvt.date.DateFieldTest9.test_cn,https://github.com/alibaba/fastjson/pull/2148
alibaba/fastjson,e05e9c5e4be580691cc55a59f3256595393203a1,.,com.alibaba.json.bvt.date.DateTest_tz.test_codec,brittle,com.alibaba.json.bvt.date.DateFieldTest9.test_cn_3,https://github.com/alibaba/fastjson/pull/2148
alibaba/fastjson,e05e9c5e4be580691cc55a59f3256595393203a1,.,com.alibaba.json.bvt.date.DateTest_tz.test_codec,brittle,com.alibaba.json.bvt.date.DateFieldTest9.test_cn_3,https://github.com/alibaba/fastjson/pull/2148
alibaba/fastjson,e05e9c5e4be580691cc55a59f3256595393203a1,.,com.alibaba.json.bvt.date.DateTest_tz.test_codec,brittle,com.alibaba.json.bvt.date.DateFieldTest9.test_de,https://github.com/alibaba/fastjson/pull/2148
alibaba/fastjson,e05e9c5e4be580691cc55a59f3256595393203a1,.,com.alibaba.json.bvt.date.DateTest_tz.test_codec,brittle,com.alibaba.json.bvt.date.DateFieldTest9.test_in,https://github.com/alibaba/fastjson/pull/2148
alibaba/fastjson,e05e9c5e4be580691cc55a59f3256595393203a1,.,com.alibaba.json.bvt.date.DateTest_tz.test_codec,brittle,com.alibaba.json.bvt.date.DateFieldTest9.test_kr_1,https://github.com/alibaba/fastjson/pull/2148
alibaba/fastjson,e05e9c5e4be580691cc55a59f3256595393203a1,.,com.alibaba.json.bvt.date.DateTest_tz.test_codec,brittle,com.alibaba.json.bvt.date.DateFieldTest9.test_kr_2,https://github.com/alibaba/fastjson/pull/2148
alibaba/fastjson,e05e9c5e4be580691cc55a59f3256595393203a1,.,com.alibaba.json.bvt.date.DateTest_tz.test_codec,brittle,com.alibaba.json.bvt.date.DateFieldTest9.test_kr_3,https://github.com/alibaba/fastjson/pull/2148
alibaba/fastjson,e05e9c5e4be580691cc55a59f3256595393203a1,.,com.alibaba.json.bvt.date.DateTest_tz.test_codec,brittle,com.alibaba.json.bvt.date.DateFieldTest9.test_kr_4,https://github.com/alibaba/fastjson/pull/2148
alibaba/fastjson,e05e9c5e4be580691cc55a59f3256595393203a1,.,com.alibaba.json.bvt.date.DateTest_tz.test_codec,brittle,com.alibaba.json.bvt.date.DateFieldTest9.test_tw,https://github.com/alibaba/fastjson/pull/2148
alibaba/fastjson,e05e9c5e4be580691cc55a59f3256595393203a1,.,com.alibaba.json.bvt.date.DateTest_tz.test_codec,brittle,com.alibaba.json.bvt.parser.deser.date.DateFormatDeserializerTest.test_dateFormat_array,https://github.com/alibaba/fastjson/pull/2148
alibaba/fastjson,e05e9c5e4be580691cc55a59f3256595393203a1,.,com.alibaba.json.bvt.date.DateTest_tz.test_codec,brittle,com.alibaba.json.bvt.parser.deser.date.DateFormatDeserializerTest.test_dateFormat_empty,https://github.com/alibaba/fastjson/pull/2148
alibaba/fastjson,e05e9c5e4be580691cc55a59f3256595393203a1,.,com.alibaba.json.bvt.date.DateTest_tz.test_codec,brittle,com.alibaba.json.bvt.parser.deser.date.DateFormatDeserializerTest.test_dateFormat_error,https://github.com/alibaba/fastjson/pull/2148
alibaba/fastjson,e05e9c5e4be580691cc55a59f3256595393203a1,.,com.alibaba.json.bvt.date.DateTest_tz.test_codec,brittle,com.alibaba.json.bvt.parser.deser.date.DateFormatDeserializerTest.test_dateFormat_null,https://github.com/alibaba/fastjson/pull/2148
alibaba/fastjson,e05e9c5e4be580691cc55a59f3256595393203a1,.,com.alibaba.json.bvt.date.DateTest_tz.test_codec,brittle,com.alibaba.json.bvt.parser.deser.date.DateFormatDeserializerTest.test_dateFormat_yyyy,https://github.com/alibaba/fastjson/pull/2148
alibaba/fastjson,e05e9c5e4be580691cc55a59f3256595393203a1,.,com.alibaba.json.bvt.date.DateTest_tz.test_codec,brittle,com.alibaba.json.bvt.parser.deser.date.DateParseTest3.test_date,https://github.com/alibaba/fastjson/pull/2148
alibaba/fastjson,e05e9c5e4be580691cc55a59f3256595393203a1,.,com.alibaba.json.bvt.date.DateTest_tz.test_codec,brittle,com.alibaba.json.bvt.serializer.date.DateTest.test_0,https://github.com/alibaba/fastjson/pull/2148
alibaba/fastjson,e05e9c5e4be580691cc55a59f3256595393203a1,.,com.alibaba.json.bvt.date.DateTest_tz.test_codec,brittle,com.alibaba.json.bvt.serializer.date.DateTest.test_5,https://github.com/alibaba/fastjson/pull/2148
alibaba/fastjson,e05e9c5e4be580691cc55a59f3256595393203a1,.,com.alibaba.json.bvt.date.DateTest_tz.test_codec,brittle,com.alibaba.json.bvt.serializer.date.DateTest.test_6,https://github.com/alibaba/fastjson/pull/2148
alibaba/fastjson,e05e9c5e4be580691cc55a59f3256595393203a1,.,com.alibaba.json.bvt.date.DateTest_tz.test_codec,brittle,com.alibaba.json.bvt.serializer.date.DateTest.test_8,https://github.com/alibaba/fastjson/pull/2148
alibaba/fastjson,e05e9c5e4be580691cc55a59f3256595393203a1,.,com.alibaba.json.bvt.issue_1200.Issue1298.test_for_issue_1,brittle,com.alibaba.json.bvt.bug.Bug_for_80108116.test_for_dateFormat,https://github.com/alibaba/fastjson/pull/2148
alibaba/fastjson,e05e9c5e4be580691cc55a59f3256595393203a1,.,com.alibaba.json.bvt.issue_1200.Issue1298.test_for_issue_1,brittle,com.alibaba.json.bvt.bug.Bug_for_issue_331.test_for_issue,https://github.com/alibaba/fastjson/pull/2148
alibaba/fastjson,e05e9c5e4be580691cc55a59f3256595393203a1,.,com.alibaba.json.bvt.issue_1200.Issue1298.test_for_issue_1,brittle,com.alibaba.json.bvt.bug.Bug_for_xiayucai2012.test_for_xiayucai2012,https://github.com/alibaba/fastjson/pull/2148
alibaba/fastjson,e05e9c5e4be580691cc55a59f3256595393203a1,.,com.alibaba.json.bvt.issue_1200.Issue1298.test_for_issue_1,brittle,com.alibaba.json.bvt.date.DateFieldTest6.test_0,https://github.com/alibaba/fastjson/pull/2148
alibaba/fastjson,e05e9c5e4be580691cc55a59f3256595393203a1,.,com.alibaba.json.bvt.issue_1200.Issue1298.test_for_issue_1,brittle,com.alibaba.json.bvt.date.DateFieldTest8.test_0,https://github.com/alibaba/fastjson/pull/2148
alibaba/fastjson,e05e9c5e4be580691cc55a59f3256595393203a1,.,com.alibaba.json.bvt.issue_1200.Issue1298.test_for_issue_1,brittle,com.alibaba.json.bvt.jdk8.LocalTimeTest.test_for_issue,https://github.com/alibaba/fastjson/pull/2148
alibaba/fastjson,e05e9c5e4be580691cc55a59f3256595393203a1,.,com.alibaba.json.bvt.issue_1200.Issue1298.test_for_issue_1,brittle,com.alibaba.json.bvt.jdk8.LocalTimeTest.test_for_long,https://github.com/alibaba/fastjson/pull/2148
alibaba/fastjson,e05e9c5e4be580691cc55a59f3256595393203a1,.,com.alibaba.json.bvt.issue_1200.Issue1298.test_for_issue_1,brittle,com.alibaba.json.bvt.parser.array.BeanToArrayTest_date_private.test_date2,https://github.com/alibaba/fastjson/pull/2148
alibaba/fastjson,e05e9c5e4be580691cc55a59f3256595393203a1,.,com.alibaba.json.bvt.issue_1200.Issue1298.test_for_issue_1,brittle,com.alibaba.json.bvt.parser.array.BeanToArrayTest_date_private.test_date,https://github.com/alibaba/fastjson/pull/2148
alibaba/fastjson,e05e9c5e4be580691cc55a59f3256595393203a1,.,com.alibaba.json.bvt.issue_1200.Issue1298.test_for_issue_1,brittle,com.alibaba.json.bvt.parser.DateParserTest_sql_timestamp.test_date_1,https://github.com/alibaba/fastjson/pull/2148
alibaba/fastjson,e05e9c5e4be580691cc55a59f3256595393203a1,.,com.alibaba.json.bvt.issue_1200.Issue1298.test_for_issue_1,brittle,com.alibaba.json.bvt.parser.DateParserTest_sql_timestamp.test_date_2,https://github.com/alibaba/fastjson/pull/2148
alibaba/fastjson,e05e9c5e4be580691cc55a59f3256595393203a1,.,com.alibaba.json.bvt.issue_1200.Issue1298.test_for_issue_1,brittle,com.alibaba.json.bvt.parser.DateParserTest_sql_timestamp.test_date_3,https://github.com/alibaba/fastjson/pull/2148
alibaba/fastjson,e05e9c5e4be580691cc55a59f3256595393203a1,.,com.alibaba.json.bvt.issue_1200.Issue1298.test_for_issue_1,brittle,com.alibaba.json.bvt.parser.DateParserTest_sql_timestamp.test_date_4,https://github.com/alibaba/fastjson/pull/2148
alibaba/fastjson,e05e9c5e4be580691cc55a59f3256595393203a1,.,com.alibaba.json.bvt.issue_1200.Issue1298.test_for_issue_1,brittle,com.alibaba.json.bvt.parser.deser.date.DateParseTest6.test_date,https://github.com/alibaba/fastjson/pull/2148
alibaba/fastjson,e05e9c5e4be580691cc55a59f3256595393203a1,.,com.alibaba.json.bvt.issue_1200.Issue1298.test_for_issue_1,brittle,com.alibaba.json.bvt.parser.deser.date.DateParseTest6.test_date,https://github.com/alibaba/fastjson/pull/2148
alibaba/fastjson,e05e9c5e4be580691cc55a59f3256595393203a1,.,com.alibaba.json.bvt.issue_1200.Issue1298.test_for_issue_1,brittle,com.alibaba.json.bvt.parser.deser.TimeDeserializerTest.test_time,https://github.com/alibaba/fastjson/pull/2148
alibaba/fastjson,e05e9c5e4be580691cc55a59f3256595393203a1,.,com.alibaba.json.bvt.issue_1200.Issue1298.test_for_issue_1,brittle,com.alibaba.json.bvt.serializer.date.DateTest_ISO8601_TimeZone.test_date1,https://github.com/alibaba/fastjson/pull/2148
alibaba/fastjson,e05e9c5e4be580691cc55a59f3256595393203a1,.,com.alibaba.json.bvt.issue_1200.Issue1298.test_for_issue_1,brittle,com.alibaba.json.bvt.serializer.date.DateTest_ISO8601_TimeZone.test_date2,https://github.com/alibaba/fastjson/pull/2148
alibaba/fastjson,e05e9c5e4be580691cc55a59f3256595393203a1,.,com.alibaba.json.bvt.issue_1200.Issue1298.test_for_issue_1,brittle,com.alibaba.json.bvt.serializer.date.DateTest_ISO8601_TimeZone.test_date3,https://github.com/alibaba/fastjson/pull/2148
alibaba/fastjson,e05e9c5e4be580691cc55a59f3256595393203a1,.,com.alibaba.json.bvt.issue_1200.Issue1298.test_for_issue_1,brittle,com.alibaba.json.bvt.TimestampTest.test_0,https://github.com/alibaba/fastjson/pull/2148
alibaba/fastjson,e05e9c5e4be580691cc55a59f3256595393203a1,.,com.alibaba.json.bvt.issue_1200.Issue1298.test_for_issue,brittle,com.alibaba.json.bvt.bug.Bug_for_80108116.test_for_dateFormat,https://github.com/alibaba/fastjson/pull/2148
alibaba/fastjson,e05e9c5e4be580691cc55a59f3256595393203a1,.,com.alibaba.json.bvt.issue_1200.Issue1298.test_for_issue,brittle,com.alibaba.json.bvt.bug.Bug_for_issue_331.test_for_issue,https://github.com/alibaba/fastjson/pull/2148
alibaba/fastjson,e05e9c5e4be580691cc55a59f3256595393203a1,.,com.alibaba.json.bvt.issue_1200.Issue1298.test_for_issue,brittle,com.alibaba.json.bvt.bug.Bug_for_xiayucai2012.test_for_xiayucai2012,https://github.com/alibaba/fastjson/pull/2148
alibaba/fastjson,e05e9c5e4be580691cc55a59f3256595393203a1,.,com.alibaba.json.bvt.issue_1200.Issue1298.test_for_issue,brittle,com.alibaba.json.bvt.date.DateFieldTest6.test_0,https://github.com/alibaba/fastjson/pull/2148
alibaba/fastjson,e05e9c5e4be580691cc55a59f3256595393203a1,.,com.alibaba.json.bvt.issue_1200.Issue1298.test_for_issue,brittle,com.alibaba.json.bvt.date.DateFieldTest8.test_0,https://github.com/alibaba/fastjson/pull/2148
alibaba/fastjson,e05e9c5e4be580691cc55a59f3256595393203a1,.,com.alibaba.json.bvt.issue_1200.Issue1298.test_for_issue,brittle,com.alibaba.json.bvt.jdk8.LocalTimeTest.test_for_issue,https://github.com/alibaba/fastjson/pull/2148
alibaba/fastjson,e05e9c5e4be580691cc55a59f3256595393203a1,.,com.alibaba.json.bvt.issue_1200.Issue1298.test_for_issue,brittle,com.alibaba.json.bvt.jdk8.LocalTimeTest.test_for_long,https://github.com/alibaba/fastjson/pull/2148
alibaba/fastjson,e05e9c5e4be580691cc55a59f3256595393203a1,.,com.alibaba.json.bvt.issue_1200.Issue1298.test_for_issue,brittle,com.alibaba.json.bvt.parser.array.BeanToArrayTest_date_private.test_date2,https://github.com/alibaba/fastjson/pull/2148
alibaba/fastjson,e05e9c5e4be580691cc55a59f3256595393203a1,.,com.alibaba.json.bvt.issue_1200.Issue1298.test_for_issue,brittle,com.alibaba.json.bvt.parser.array.BeanToArrayTest_date_private.test_date,https://github.com/alibaba/fastjson/pull/2148
alibaba/fastjson,e05e9c5e4be580691cc55a59f3256595393203a1,.,com.alibaba.json.bvt.issue_1200.Issue1298.test_for_issue,brittle,com.alibaba.json.bvt.parser.DateParserTest_sql_timestamp.test_date_1,https://github.com/alibaba/fastjson/pull/2148
alibaba/fastjson,e05e9c5e4be580691cc55a59f3256595393203a1,.,com.alibaba.json.bvt.issue_1200.Issue1298.test_for_issue,brittle,com.alibaba.json.bvt.parser.DateParserTest_sql_timestamp.test_date_2,https://github.com/alibaba/fastjson/pull/2148
alibaba/fastjson,e05e9c5e4be580691cc55a59f3256595393203a1,.,com.alibaba.json.bvt.issue_1200.Issue1298.test_for_issue,brittle,com.alibaba.json.bvt.parser.DateParserTest_sql_timestamp.test_date_3,https://github.com/alibaba/fastjson/pull/2148
alibaba/fastjson,e05e9c5e4be580691cc55a59f3256595393203a1,.,com.alibaba.json.bvt.issue_1200.Issue1298.test_for_issue,brittle,com.alibaba.json.bvt.parser.DateParserTest_sql_timestamp.test_date_4,https://github.com/alibaba/fastjson/pull/2148
alibaba/fastjson,e05e9c5e4be580691cc55a59f3256595393203a1,.,com.alibaba.json.bvt.issue_1200.Issue1298.test_for_issue,brittle,com.alibaba.json.bvt.parser.deser.date.DateParseTest6.test_date,https://github.com/alibaba/fastjson/pull/2148
alibaba/fastjson,e05e9c5e4be580691cc55a59f3256595393203a1,.,com.alibaba.json.bvt.issue_1200.Issue1298.test_for_issue,brittle,com.alibaba.json.bvt.parser.deser.date.DateParseTest6.test_date,https://github.com/alibaba/fastjson/pull/2148
alibaba/fastjson,e05e9c5e4be580691cc55a59f3256595393203a1,.,com.alibaba.json.bvt.issue_1200.Issue1298.test_for_issue,brittle,com.alibaba.json.bvt.parser.deser.TimeDeserializerTest.test_time,https://github.com/alibaba/fastjson/pull/2148
alibaba/fastjson,e05e9c5e4be580691cc55a59f3256595393203a1,.,com.alibaba.json.bvt.issue_1200.Issue1298.test_for_issue,brittle,com.alibaba.json.bvt.serializer.date.DateTest_ISO8601_TimeZone.test_date1,https://github.com/alibaba/fastjson/pull/2148
alibaba/fastjson,e05e9c5e4be580691cc55a59f3256595393203a1,.,com.alibaba.json.bvt.issue_1200.Issue1298.test_for_issue,brittle,com.alibaba.json.bvt.serializer.date.DateTest_ISO8601_TimeZone.test_date2,https://github.com/alibaba/fastjson/pull/2148
alibaba/fastjson,e05e9c5e4be580691cc55a59f3256595393203a1,.,com.alibaba.json.bvt.issue_1200.Issue1298.test_for_issue,brittle,com.alibaba.json.bvt.serializer.date.DateTest_ISO8601_TimeZone.test_date3,https://github.com/alibaba/fastjson/pull/2148
alibaba/fastjson,e05e9c5e4be580691cc55a59f3256595393203a1,.,com.alibaba.json.bvt.issue_1200.Issue1298.test_for_issue,brittle,com.alibaba.json.bvt.TimestampTest.test_0,https://github.com/alibaba/fastjson/pull/2148
alibaba/fastjson,e05e9c5e4be580691cc55a59f3256595393203a1,.,com.alibaba.json.bvt.parser.DefaultExtJSONParser_parseArray.test_7,brittle,com.alibaba.json.bvt.bug.Bug_for_issue_447.test_for_issue,https://github.com/alibaba/fastjson/pull/3291
alibaba/fastjson,e05e9c5e4be580691cc55a59f3256595393203a1,.,com.alibaba.json.bvt.parser.DefaultExtJSONParser_parseArray.test_7,brittle,com.alibaba.json.bvt.bug.Bug_for_issue_447.test_for_issue,https://github.com/alibaba/fastjson/pull/3291
alibaba/fastjson,e05e9c5e4be580691cc55a59f3256595393203a1,.,com.alibaba.json.bvt.parser.DefaultExtJSONParser_parseArray.test_7,brittle,com.alibaba.json.bvt.issue_1400.Issue1493.test_for_issue,https://github.com/alibaba/fastjson/pull/3291
alibaba/fastjson,e05e9c5e4be580691cc55a59f3256595393203a1,.,com.alibaba.json.bvt.parser.DefaultExtJSONParser_parseArray.test_7,brittle,com.alibaba.json.bvt.issue_1600.Issue1660.test_for_issue,https://github.com/alibaba/fastjson/pull/3291
alibaba/fastjson,e05e9c5e4be580691cc55a59f3256595393203a1,.,com.alibaba.json.bvt.parser.DefaultExtJSONParser_parseArray.test_7,brittle,com.alibaba.json.bvt.joda.JodaTest_0.test_for_issue,https://github.com/alibaba/fastjson/pull/3291
alibaba/fastjson,e05e9c5e4be580691cc55a59f3256595393203a1,.,com.alibaba.json.bvt.parser.DefaultExtJSONParser_parseArray.test_7,brittle,com.alibaba.json.bvt.joda.JodaTest_0.test_for_issue_2,https://github.com/alibaba/fastjson/pull/3291
alibaba/fastjson,e05e9c5e4be580691cc55a59f3256595393203a1,.,com.alibaba.json.bvt.parser.DefaultExtJSONParser_parseArray.test_7,brittle,com.alibaba.json.bvt.parser.array.BeanToArrayTest_date.test_date,https://github.com/alibaba/fastjson/pull/3291
alibaba/fastjson,e05e9c5e4be580691cc55a59f3256595393203a1,.,com.alibaba.json.bvt.parser.DefaultExtJSONParser_parseArray.test_7,brittle,com.alibaba.json.bvt.parser.array.BeanToArrayTest_date.test_date2,https://github.com/alibaba/fastjson/pull/3291
alibaba/fastjson,e05e9c5e4be580691cc55a59f3256595393203a1,.,com.alibaba.json.bvt.parser.DefaultExtJSONParser_parseArray.test_7,brittle,com.alibaba.json.bvt.parser.array.BeanToArrayTest_date.test_date2_reader,https://github.com/alibaba/fastjson/pull/3291
alibaba/fastjson,e05e9c5e4be580691cc55a59f3256595393203a1,.,com.alibaba.json.bvt.parser.DefaultExtJSONParser_parseArray.test_7,brittle,com.alibaba.json.bvt.parser.array.BeanToArrayTest_date.test_date_null,https://github.com/alibaba/fastjson/pull/3291
alibaba/fastjson,e05e9c5e4be580691cc55a59f3256595393203a1,.,com.alibaba.json.bvt.parser.DefaultExtJSONParser_parseArray.test_7,brittle,com.alibaba.json.bvt.parser.array.BeanToArrayTest_date.test_date_null_reader,https://github.com/alibaba/fastjson/pull/3291
alibaba/fastjson,e05e9c5e4be580691cc55a59f3256595393203a1,.,com.alibaba.json.bvt.parser.DefaultExtJSONParser_parseArray.test_7,brittle,com.alibaba.json.bvt.parser.array.BeanToArrayTest_date.test_date_reader,https://github.com/alibaba/fastjson/pull/3291
alibaba/fastjson,e05e9c5e4be580691cc55a59f3256595393203a1,.,com.alibaba.json.bvt.parser.DefaultExtJSONParser_parseArray.test_7,brittle,com.alibaba.json.bvt.parser.deser.date.DateParseTest10.test_date,https://github.com/alibaba/fastjson/pull/3291
alibaba/fastjson,e05e9c5e4be580691cc55a59f3256595393203a1,.,com.alibaba.json.bvt.parser.DefaultExtJSONParser_parseArray.test_7,brittle,com.alibaba.json.bvt.parser.deser.date.DateParseTest6.test_date,https://github.com/alibaba/fastjson/pull/3291
alibaba/fastjson,e05e9c5e4be580691cc55a59f3256595393203a1,.,com.alibaba.json.bvt.parser.DefaultExtJSONParser_parseArray.test_7,brittle,com.alibaba.json.bvt.parser.deser.date.DateTest.test,https://github.com/alibaba/fastjson/pull/3291
alibaba/fastjson,e05e9c5e4be580691cc55a59f3256595393203a1,.,com.alibaba.json.bvt.parser.DefaultExtJSONParser_parseArray.test_7,brittle,com.alibaba.json.bvt.parser.deser.date.DateTest.test_reader,https://github.com/alibaba/fastjson/pull/3291
alibaba/fastjson,e05e9c5e4be580691cc55a59f3256595393203a1,.,com.alibaba.json.bvt.parser.DefaultExtJSONParser_parseArray.test_7,brittle,com.alibaba.json.bvt.serializer.date.DateTest_ISO8601_TimeZone.test_date1,https://github.com/alibaba/fastjson/pull/3291
alibaba/fastjson,e05e9c5e4be580691cc55a59f3256595393203a1,.,com.alibaba.json.bvt.parser.DefaultExtJSONParser_parseArray.test_7,brittle,com.alibaba.json.bvt.serializer.date.DateTest_ISO8601_TimeZone.test_date2,https://github.com/alibaba/fastjson/pull/3291
alibaba/fastjson,e05e9c5e4be580691cc55a59f3256595393203a1,.,com.alibaba.json.bvt.parser.DefaultExtJSONParser_parseArray.test_7,brittle,com.alibaba.json.bvt.serializer.date.DateTest_ISO8601_TimeZone.test_date3,https://github.com/alibaba/fastjson/pull/3291
alibaba/fastjson,e05e9c5e4be580691cc55a59f3256595393203a1,.,com.alibaba.json.bvt.parser.DefaultExtJSONParser_parseArray.test_7,brittle,com.alibaba.json.bvt.serializer.JSONSerializerTest3.test_0,https://github.com/alibaba/fastjson/pull/3291
alibaba/fastjson,e05e9c5e4be580691cc55a59f3256595393203a1,.,com.alibaba.json.bvt.parser.DefaultExtJSONParser_parseArray.test_8,brittle,com.alibaba.json.bvt.bug.Bug_for_cnhans.test_0,https://github.com/alibaba/fastjson/pull/3291
alibaba/fastjson,e05e9c5e4be580691cc55a59f3256595393203a1,.,com.alibaba.json.bvt.parser.DefaultExtJSONParser_parseArray.test_8,brittle,com.alibaba.json.bvt.bug.Bug_for_cnhans.test_format,https://github.com/alibaba/fastjson/pull/3291
alibaba/fastjson,e05e9c5e4be580691cc55a59f3256595393203a1,.,com.alibaba.json.bvt.parser.DefaultExtJSONParser_parseArray.test_8,brittle,com.alibaba.json.bvt.bug.Bug_for_cnhans.test_iso_format,https://github.com/alibaba/fastjson/pull/3291
alibaba/fastjson,e05e9c5e4be580691cc55a59f3256595393203a1,.,com.alibaba.json.bvt.parser.DefaultExtJSONParser_parseArray.test_8,brittle,com.alibaba.json.bvt.bug.Bug_for_cnhans.test_toJavaObject,https://github.com/alibaba/fastjson/pull/3291
alibaba/fastjson,e05e9c5e4be580691cc55a59f3256595393203a1,.,com.alibaba.json.bvt.parser.DefaultExtJSONParser_parseArray.test_8,brittle,com.alibaba.json.bvt.bug.Bug_for_issue_331.test_for_issue,https://github.com/alibaba/fastjson/pull/3291
alibaba/fastjson,e05e9c5e4be580691cc55a59f3256595393203a1,.,com.alibaba.json.bvt.parser.DefaultExtJSONParser_parseArray.test_8,brittle,com.alibaba.json.bvt.bug.Bug_for_issue_331.test_for_issue,https://github.com/alibaba/fastjson/pull/3291
alibaba/fastjson,e05e9c5e4be580691cc55a59f3256595393203a1,.,com.alibaba.json.bvt.parser.DefaultExtJSONParser_parseArray.test_8,brittle,com.alibaba.json.bvt.bug.Bug_for_issue_447.test_for_issue,https://github.com/alibaba/fastjson/pull/3291
alibaba/fastjson,e05e9c5e4be580691cc55a59f3256595393203a1,.,com.alibaba.json.bvt.parser.DefaultExtJSONParser_parseArray.test_8,brittle,com.alibaba.json.bvt.date.DateFieldTest9.test_cn_1,https://github.com/alibaba/fastjson/pull/3291
alibaba/fastjson,e05e9c5e4be580691cc55a59f3256595393203a1,.,com.alibaba.json.bvt.parser.DefaultExtJSONParser_parseArray.test_8,brittle,com.alibaba.json.bvt.date.DateFieldTest9.test_cn,https://github.com/alibaba/fastjson/pull/3291
alibaba/fastjson,e05e9c5e4be580691cc55a59f3256595393203a1,.,com.alibaba.json.bvt.parser.DefaultExtJSONParser_parseArray.test_8,brittle,com.alibaba.json.bvt.date.DateFieldTest9.test_cn_2,https://github.com/alibaba/fastjson/pull/3291
alibaba/fastjson,e05e9c5e4be580691cc55a59f3256595393203a1,.,com.alibaba.json.bvt.parser.DefaultExtJSONParser_parseArray.test_8,brittle,com.alibaba.json.bvt.date.DateFieldTest9.test_cn_3,https://github.com/alibaba/fastjson/pull/3291
alibaba/fastjson,e05e9c5e4be580691cc55a59f3256595393203a1,.,com.alibaba.json.bvt.parser.DefaultExtJSONParser_parseArray.test_8,brittle,com.alibaba.json.bvt.date.DateFieldTest9.test_cn_4,https://github.com/alibaba/fastjson/pull/3291
alibaba/fastjson,e05e9c5e4be580691cc55a59f3256595393203a1,.,com.alibaba.json.bvt.parser.DefaultExtJSONParser_parseArray.test_8,brittle,com.alibaba.json.bvt.date.DateFieldTest9.test_de,https://github.com/alibaba/fastjson/pull/3291
alibaba/fastjson,e05e9c5e4be580691cc55a59f3256595393203a1,.,com.alibaba.json.bvt.parser.DefaultExtJSONParser_parseArray.test_8,brittle,com.alibaba.json.bvt.date.DateFieldTest9.test_in,https://github.com/alibaba/fastjson/pull/3291
alibaba/fastjson,e05e9c5e4be580691cc55a59f3256595393203a1,.,com.alibaba.json.bvt.parser.DefaultExtJSONParser_parseArray.test_8,brittle,com.alibaba.json.bvt.date.DateFieldTest9.test_kr_1,https://github.com/alibaba/fastjson/pull/3291
alibaba/fastjson,e05e9c5e4be580691cc55a59f3256595393203a1,.,com.alibaba.json.bvt.parser.DefaultExtJSONParser_parseArray.test_8,brittle,com.alibaba.json.bvt.date.DateFieldTest9.test_kr_2,https://github.com/alibaba/fastjson/pull/3291
alibaba/fastjson,e05e9c5e4be580691cc55a59f3256595393203a1,.,com.alibaba.json.bvt.parser.DefaultExtJSONParser_parseArray.test_8,brittle,com.alibaba.json.bvt.date.DateFieldTest9.test_kr_3,https://github.com/alibaba/fastjson/pull/3291
alibaba/fastjson,e05e9c5e4be580691cc55a59f3256595393203a1,.,com.alibaba.json.bvt.parser.DefaultExtJSONParser_parseArray.test_8,brittle,com.alibaba.json.bvt.date.DateFieldTest9.test_kr_4,https://github.com/alibaba/fastjson/pull/3291
alibaba/fastjson,e05e9c5e4be580691cc55a59f3256595393203a1,.,com.alibaba.json.bvt.parser.DefaultExtJSONParser_parseArray.test_8,brittle,com.alibaba.json.bvt.date.DateFieldTest9.test_tw,https://github.com/alibaba/fastjson/pull/3291
alibaba/fastjson,e05e9c5e4be580691cc55a59f3256595393203a1,.,com.alibaba.json.bvt.parser.DefaultExtJSONParser_parseArray.test_8,brittle,com.alibaba.json.bvt.parser.deser.TimeDeserializerTest.test_time,https://github.com/alibaba/fastjson/pull/3291
alibaba/fastjson,e05e9c5e4be580691cc55a59f3256595393203a1,.,com.alibaba.json.bvt.serializer.date.DateTest4_indian.test_date,brittle,com.alibaba.json.bvt.date.DateFieldTest4.test_codec,https://github.com/alibaba/fastjson/pull/2148
alibaba/fastjson,e05e9c5e4be580691cc55a59f3256595393203a1,.,com.alibaba.json.bvt.serializer.date.DateTest4_indian.test_date,brittle,com.alibaba.json.bvt.date.DateFieldTest4.test_codec_asm,https://github.com/alibaba/fastjson/pull/2148
alibaba/fastjson,e05e9c5e4be580691cc55a59f3256595393203a1,.,com.alibaba.json.bvt.serializer.date.DateTest4_indian.test_date,brittle,com.alibaba.json.bvt.date.DateFieldTest4.test_codec_no_asm,https://github.com/alibaba/fastjson/pull/2148
alibaba/fastjson,e05e9c5e4be580691cc55a59f3256595393203a1,.,com.alibaba.json.bvt.serializer.date.DateTest4_indian.test_date,brittle,com.alibaba.json.bvt.date.DateFieldTest4.test_codec_null_1,https://github.com/alibaba/fastjson/pull/2148
alibaba/fastjson,e05e9c5e4be580691cc55a59f3256595393203a1,.,com.alibaba.json.bvt.serializer.date.DateTest4_indian.test_date,brittle,com.alibaba.json.bvt.date.DateFieldTest4.test_codec_null_asm,https://github.com/alibaba/fastjson/pull/2148
alibaba/fastjson,e05e9c5e4be580691cc55a59f3256595393203a1,.,com.alibaba.json.bvt.serializer.date.DateTest4_indian.test_date,brittle,com.alibaba.json.bvt.jdk8.LocalTimeTest.test_for_issue,https://github.com/alibaba/fastjson/pull/2148
alibaba/fastjson,e05e9c5e4be580691cc55a59f3256595393203a1,.,com.alibaba.json.bvt.serializer.date.DateTest4_indian.test_date,brittle,com.alibaba.json.bvt.jdk8.LocalTimeTest.test_for_issue,https://github.com/alibaba/fastjson/pull/2148
alibaba/fastjson,e05e9c5e4be580691cc55a59f3256595393203a1,.,com.alibaba.json.bvt.serializer.date.DateTest4_indian.test_date,brittle,com.alibaba.json.bvt.jdk8.LocalTimeTest.test_for_long,https://github.com/alibaba/fastjson/pull/2148
alibaba/fastjson,e05e9c5e4be580691cc55a59f3256595393203a1,.,com.alibaba.json.bvt.serializer.date.DateTest4_indian.test_date,brittle,com.alibaba.json.bvt.parser.DateParserTest_sql_timestamp.test_date_1,https://github.com/alibaba/fastjson/pull/2148
alibaba/fastjson,e05e9c5e4be580691cc55a59f3256595393203a1,.,com.alibaba.json.bvt.serializer.date.DateTest4_indian.test_date,brittle,com.alibaba.json.bvt.parser.DateParserTest_sql_timestamp.test_date_2,https://github.com/alibaba/fastjson/pull/2148
alibaba/fastjson,e05e9c5e4be580691cc55a59f3256595393203a1,.,com.alibaba.json.bvt.serializer.date.DateTest4_indian.test_date,brittle,com.alibaba.json.bvt.parser.DateParserTest_sql_timestamp.test_date_3,https://github.com/alibaba/fastjson/pull/2148
alibaba/fastjson,e05e9c5e4be580691cc55a59f3256595393203a1,.,com.alibaba.json.bvt.serializer.date.DateTest4_indian.test_date,brittle,com.alibaba.json.bvt.parser.DateParserTest_sql_timestamp.test_date_4,https://github.com/alibaba/fastjson/pull/2148
alibaba/fastjson,e05e9c5e4be580691cc55a59f3256595393203a1,.,com.alibaba.json.bvt.serializer.date.DateTest4_indian.test_date,brittle,com.alibaba.json.bvt.parser.DefaultJSONParserTest_date.test_date,https://github.com/alibaba/fastjson/pull/2148
alibaba/fastjson,e05e9c5e4be580691cc55a59f3256595393203a1,.,com.alibaba.json.bvt.serializer.date.DateTest4_indian.test_date,brittle,com.alibaba.json.bvt.parser.DefaultJSONParserTest_date.test_date3,https://github.com/alibaba/fastjson/pull/2148
alibaba/fastjson,e05e9c5e4be580691cc55a59f3256595393203a1,.,com.alibaba.json.bvt.serializer.date.DateTest4_indian.test_date,brittle,com.alibaba.json.bvt.parser.DefaultJSONParserTest_date.test_date4,https://github.com/alibaba/fastjson/pull/2148
alibaba/fastjson,e05e9c5e4be580691cc55a59f3256595393203a1,.,com.alibaba.json.bvt.serializer.date.DateTest4_indian.test_date,brittle,com.alibaba.json.bvt.parser.DefaultJSONParserTest_date.test_dateFormat,https://github.com/alibaba/fastjson/pull/2148
alibaba/fastjson,e05e9c5e4be580691cc55a59f3256595393203a1,.,com.alibaba.json.bvt.serializer.date.DateTest4_indian.test_date,brittle,com.alibaba.json.bvt.parser.deser.date.DateParseTest5.test_date,https://github.com/alibaba/fastjson/pull/2148
alibaba/fastjson,e05e9c5e4be580691cc55a59f3256595393203a1,.,com.alibaba.json.bvt.serializer.date.DateTest4_indian.test_date,brittle,com.alibaba.json.bvt.parser.deser.date.DateParseTest6.test_date,https://github.com/alibaba/fastjson/pull/2148
alibaba/fastjson,e05e9c5e4be580691cc55a59f3256595393203a1,.,com.alibaba.json.bvt.serializer.date.DateTest4_indian.test_date,brittle,com.alibaba.json.bvt.parser.deser.date.DateTest.test,https://github.com/alibaba/fastjson/pull/2148
alibaba/fastjson,e05e9c5e4be580691cc55a59f3256595393203a1,.,com.alibaba.json.bvt.serializer.date.DateTest4_indian.test_date,brittle,com.alibaba.json.bvt.parser.deser.date.DateTest.test_reader,https://github.com/alibaba/fastjson/pull/2148
alibaba/fastjson,e05e9c5e4be580691cc55a59f3256595393203a1,.,com.alibaba.json.bvt.serializer.date.DateTest5_iso8601.test_date,brittle,com.alibaba.json.bvt.bug.Bug_for_cnhans.test_0,https://github.com/alibaba/fastjson/pull/2148
alibaba/fastjson,e05e9c5e4be580691cc55a59f3256595393203a1,.,com.alibaba.json.bvt.serializer.date.DateTest5_iso8601.test_date,brittle,com.alibaba.json.bvt.bug.Bug_for_cnhans.test_format,https://github.com/alibaba/fastjson/pull/2148
alibaba/fastjson,e05e9c5e4be580691cc55a59f3256595393203a1,.,com.alibaba.json.bvt.serializer.date.DateTest5_iso8601.test_date,brittle,com.alibaba.json.bvt.bug.Bug_for_cnhans.test_iso_format,https://github.com/alibaba/fastjson/pull/2148
alibaba/fastjson,e05e9c5e4be580691cc55a59f3256595393203a1,.,com.alibaba.json.bvt.serializer.date.DateTest5_iso8601.test_date,brittle,com.alibaba.json.bvt.bug.Bug_for_cnhans.test_toJavaObject,https://github.com/alibaba/fastjson/pull/2148
alibaba/fastjson,e05e9c5e4be580691cc55a59f3256595393203a1,.,com.alibaba.json.bvt.serializer.date.DateTest5_iso8601.test_date,brittle,com.alibaba.json.bvt.date.DateFieldTest6.test_0,https://github.com/alibaba/fastjson/pull/2148
alibaba/fastjson,e05e9c5e4be580691cc55a59f3256595393203a1,.,com.alibaba.json.bvt.serializer.date.DateTest5_iso8601.test_date,brittle,com.alibaba.json.bvt.date.DateFieldTest7.test_0,https://github.com/alibaba/fastjson/pull/2148
alibaba/fastjson,e05e9c5e4be580691cc55a59f3256595393203a1,.,com.alibaba.json.bvt.serializer.date.DateTest5_iso8601.test_date,brittle,com.alibaba.json.bvt.parser.deser.date.DateParseTest5.test_date,https://github.com/alibaba/fastjson/pull/2148
alibaba/fastjson,e05e9c5e4be580691cc55a59f3256595393203a1,.,com.alibaba.json.bvt.serializer.date.DateTest5_iso8601.test_date,brittle,com.alibaba.json.bvt.parser.deser.date.DateParseTest6.test_date,https://github.com/alibaba/fastjson/pull/2148
alibaba/fastjson,e05e9c5e4be580691cc55a59f3256595393203a1,.,com.alibaba.json.bvt.serializer.date.DateTest5_iso8601.test_date,brittle,com.alibaba.json.bvt.parser.deser.date.DateTest.test,https://github.com/alibaba/fastjson/pull/2148
alibaba/fastjson,e05e9c5e4be580691cc55a59f3256595393203a1,.,com.alibaba.json.bvt.serializer.date.DateTest5_iso8601.test_date,brittle,com.alibaba.json.bvt.parser.deser.date.DateTest.test,https://github.com/alibaba/fastjson/pull/2148
alibaba/fastjson,e05e9c5e4be580691cc55a59f3256595393203a1,.,com.alibaba.json.bvt.serializer.date.DateTest5_iso8601.test_date,brittle,com.alibaba.json.bvt.serializer.date.DateTest.test_0,https://github.com/alibaba/fastjson/pull/2148
alibaba/fastjson,e05e9c5e4be580691cc55a59f3256595393203a1,.,com.alibaba.json.bvt.serializer.date.DateTest5_iso8601.test_date,brittle,com.alibaba.json.bvt.serializer.date.DateTest.test_1,https://github.com/alibaba/fastjson/pull/2148
alibaba/fastjson,e05e9c5e4be580691cc55a59f3256595393203a1,.,com.alibaba.json.bvt.serializer.date.DateTest5_iso8601.test_date,brittle,com.alibaba.json.bvt.serializer.date.DateTest.test_2,https://github.com/alibaba/fastjson/pull/2148
alibaba/fastjson,e05e9c5e4be580691cc55a59f3256595393203a1,.,com.alibaba.json.bvt.serializer.date.DateTest5_iso8601.test_date,brittle,com.alibaba.json.bvt.serializer.date.DateTest.test_3,https://github.com/alibaba/fastjson/pull/2148
alibaba/fastjson,e05e9c5e4be580691cc55a59f3256595393203a1,.,com.alibaba.json.bvt.serializer.date.DateTest5_iso8601.test_date,brittle,com.alibaba.json.bvt.serializer.date.DateTest.test_4,https://github.com/alibaba/fastjson/pull/2148
alibaba/fastjson,e05e9c5e4be580691cc55a59f3256595393203a1,.,com.alibaba.json.bvt.serializer.date.DateTest5_iso8601.test_date,brittle,com.alibaba.json.bvt.serializer.date.DateTest.test_5,https://github.com/alibaba/fastjson/pull/2148
alibaba/fastjson,e05e9c5e4be580691cc55a59f3256595393203a1,.,com.alibaba.json.bvt.serializer.date.DateTest5_iso8601.test_date,brittle,com.alibaba.json.bvt.serializer.date.DateTest.test_6,https://github.com/alibaba/fastjson/pull/2148
alibaba/fastjson,e05e9c5e4be580691cc55a59f3256595393203a1,.,com.alibaba.json.bvt.serializer.date.DateTest5_iso8601.test_date,brittle,com.alibaba.json.bvt.serializer.date.DateTest.test_7,https://github.com/alibaba/fastjson/pull/2148
alibaba/fastjson,e05e9c5e4be580691cc55a59f3256595393203a1,.,com.alibaba.json.bvt.serializer.date.DateTest5_iso8601.test_date,brittle,com.alibaba.json.bvt.serializer.date.DateTest.test_8,https://github.com/alibaba/fastjson/pull/2148
alibaba/fastjson,e05e9c5e4be580691cc55a59f3256595393203a1,.,com.alibaba.json.bvt.serializer.date.DateTest5_iso8601.test_date,brittle,com.alibaba.json.bvt.serializer.date.DateTest.test_9,https://github.com/alibaba/fastjson/pull/2148
apache/dubbo,737f7a7ea67832d7f17517326fb2491d0a086dd7,dubbo-cluster,org.apache.dubbo.rpc.cluster.StickyTest.testMethodStickyNoCheck,victim,org.apache.dubbo.rpc.cluster.StickyTest.testMethodStickyForceCheck,https://github.com/apache/dubbo/pull/2807
apache/dubbo,737f7a7ea67832d7f17517326fb2491d0a086dd7,dubbo-cluster,org.apache.dubbo.rpc.cluster.StickyTest.testStickyNoCheck,victim,org.apache.dubbo.rpc.cluster.StickyTest.testStickyForceCheck,https://github.com/apache/dubbo/pull/2807
apache/dubbo,737f7a7ea67832d7f17517326fb2491d0a086dd7,dubbo-rpc/dubbo-rpc-api,org.apache.dubbo.rpc.proxy.javassist.JavassistProxyFactoryTest.testGetInvoker,victim,org.apache.dubbo.rpc.RpcContextTest.testAsync,https://github.com/apache/dubbo/pull/6314
apache/dubbo,737f7a7ea67832d7f17517326fb2491d0a086dd7,dubbo-rpc/dubbo-rpc-api,org.apache.dubbo.rpc.proxy.jdk.JdkProxyFactoryTest.testGetInvoker,victim,org.apache.dubbo.rpc.RpcContextTest.testAsync,https://github.com/apache/dubbo/pull/6314
apache/dubbo,737f7a7ea67832d7f17517326fb2491d0a086dd7,dubbo-rpc/dubbo-rpc-dubbo,org.apache.dubbo.rpc.protocol.dubbo.DubboProtocolTest.testDubboProtocolWithMina,brittle,org.apache.dubbo.rpc.protocol.dubbo.DubboProtocolTest.testDubboProtocol,https://github.com/apache/dubbo/pull/2797
apache/dubbo,737f7a7ea67832d7f17517326fb2491d0a086dd7,dubbo-rpc/dubbo-rpc-dubbo,org.apache.dubbo.rpc.protocol.dubbo.DubboProtocolTest.testDubboProtocolWithMina,brittle,org.apache.dubbo.rpc.protocol.dubbo.DubboProtocolTest.testDubboProtocolMultiService,https://github.com/apache/dubbo/pull/2797
apache/dubbo,737f7a7ea67832d7f17517326fb2491d0a086dd7,dubbo-rpc/dubbo-rpc-dubbo,org.apache.dubbo.rpc.protocol.dubbo.telnet.ChangeTelnetHandlerTest.testChangeServiceNotExport,victim,org.apache.dubbo.rpc.protocol.dubbo.ReferenceCountExchangeClientTest.test_counter_error,https://github.com/apache/dubbo/pull/2755
apache/dubbo,737f7a7ea67832d7f17517326fb2491d0a086dd7,dubbo-rpc/dubbo-rpc-dubbo,org.apache.dubbo.rpc.protocol.dubbo.telnet.ChangeTelnetHandlerTest.testChangeServiceNotExport,victim,org.apache.dubbo.rpc.protocol.dubbo.ReferenceCountExchangeClientTest.test_multi_destory,https://github.com/apache/dubbo/pull/2755
apache/dubbo,737f7a7ea67832d7f17517326fb2491d0a086dd7,dubbo-rpc/dubbo-rpc-dubbo,org.apache.dubbo.rpc.protocol.dubbo.telnet.ChangeTelnetHandlerTest.testChangeServiceNotExport,victim,org.apache.dubbo.rpc.protocol.dubbo.ReferenceCountExchangeClientTest.test_not_share_connect,https://github.com/apache/dubbo/pull/2755
apache/dubbo,737f7a7ea67832d7f17517326fb2491d0a086dd7,dubbo-rpc/dubbo-rpc-dubbo,org.apache.dubbo.rpc.protocol.dubbo.telnet.ChangeTelnetHandlerTest.testChangeServiceNotExport,victim,org.apache.dubbo.rpc.protocol.dubbo.ReferenceCountExchangeClientTest.test_share_connect,https://github.com/apache/dubbo/pull/2755
apache/dubbo,737f7a7ea67832d7f17517326fb2491d0a086dd7,dubbo-rpc/dubbo-rpc-dubbo,org.apache.dubbo.rpc.protocol.dubbo.telnet.PortTelnetHandlerTest.testListAllPort,victim,org.apache.dubbo.rpc.protocol.dubbo.DubboLazyConnectTest.testSticky4,https://github.com/apache/dubbo/pull/2906
apache/dubbo,737f7a7ea67832d7f17517326fb2491d0a086dd7,dubbo-rpc/dubbo-rpc-dubbo,org.apache.dubbo.rpc.protocol.dubbo.telnet.PortTelnetHandlerTest.testListAllPort,victim,org.apache.dubbo.rpc.protocol.dubbo.DubboLazyConnectTest.testSticky4,https://github.com/apache/dubbo/pull/2906
apache/dubbo,737f7a7ea67832d7f17517326fb2491d0a086dd7,dubbo-rpc/dubbo-rpc-dubbo,org.apache.dubbo.rpc.protocol.dubbo.telnet.PortTelnetHandlerTest.testListAllPort,victim,org.apache.dubbo.rpc.protocol.dubbo.DubboProtocolTest.testDemoProtocol,https://github.com/apache/dubbo/pull/2906
apache/dubbo,737f7a7ea67832d7f17517326fb2491d0a086dd7,dubbo-rpc/dubbo-rpc-dubbo,org.apache.dubbo.rpc.protocol.dubbo.telnet.PortTelnetHandlerTest.testListAllPort,victim,org.apache.dubbo.rpc.protocol.dubbo.DubboProtocolTest.testNonSerializedParameter,https://github.com/apache/dubbo/pull/2906
apache/dubbo,737f7a7ea67832d7f17517326fb2491d0a086dd7,dubbo-rpc/dubbo-rpc-dubbo,org.apache.dubbo.rpc.protocol.dubbo.telnet.PortTelnetHandlerTest.testListAllPort,victim,org.apache.dubbo.rpc.protocol.dubbo.DubboProtocolTest.testPerm,https://github.com/apache/dubbo/pull/2906
apache/dubbo,737f7a7ea67832d7f17517326fb2491d0a086dd7,dubbo-rpc/dubbo-rpc-dubbo,org.apache.dubbo.rpc.protocol.dubbo.telnet.PortTelnetHandlerTest.testListAllPort,victim,org.apache.dubbo.rpc.protocol.dubbo.DubboProtocolTest.testReturnNonSerialized,https://github.com/apache/dubbo/pull/2906
apache/dubbo,737f7a7ea67832d7f17517326fb2491d0a086dd7,dubbo-rpc/dubbo-rpc-dubbo,org.apache.dubbo.rpc.protocol.dubbo.telnet.PortTelnetHandlerTest.testListAllPort,victim,org.apache.dubbo.rpc.protocol.dubbo.ReferenceCountExchangeClientTest.test_counter_error,https://github.com/apache/dubbo/pull/2906
apache/dubbo,737f7a7ea67832d7f17517326fb2491d0a086dd7,dubbo-rpc/dubbo-rpc-dubbo,org.apache.dubbo.rpc.protocol.dubbo.telnet.PortTelnetHandlerTest.testListAllPort,victim,org.apache.dubbo.rpc.protocol.dubbo.ReferenceCountExchangeClientTest.test_multi_destory,https://github.com/apache/dubbo/pull/2906
apache/dubbo,737f7a7ea67832d7f17517326fb2491d0a086dd7,dubbo-rpc/dubbo-rpc-dubbo,org.apache.dubbo.rpc.protocol.dubbo.telnet.PortTelnetHandlerTest.testListAllPort,victim,org.apache.dubbo.rpc.protocol.dubbo.ReferenceCountExchangeClientTest.test_not_share_connect,https://github.com/apache/dubbo/pull/2906
apache/dubbo,737f7a7ea67832d7f17517326fb2491d0a086dd7,dubbo-rpc/dubbo-rpc-dubbo,org.apache.dubbo.rpc.protocol.dubbo.telnet.PortTelnetHandlerTest.testListAllPort,victim,org.apache.dubbo.rpc.protocol.dubbo.ReferenceCountExchangeClientTest.test_share_connect,https://github.com/apache/dubbo/pull/2906
apache/dubbo,737f7a7ea67832d7f17517326fb2491d0a086dd7,dubbo-rpc/dubbo-rpc-dubbo,org.apache.dubbo.rpc.protocol.dubbo.telnet.PortTelnetHandlerTest.testListDetail,victim,org.apache.dubbo.rpc.protocol.dubbo.DubboLazyConnectTest.testSticky4,https://github.com/apache/dubbo/pull/2906
apache/dubbo,737f7a7ea67832d7f17517326fb2491d0a086dd7,dubbo-rpc/dubbo-rpc-dubbo,org.apache.dubbo.rpc.protocol.dubbo.telnet.PortTelnetHandlerTest.testListDetail,victim,org.apache.dubbo.rpc.protocol.dubbo.DubboLazyConnectTest.testSticky4,https://github.com/apache/dubbo/pull/2906
apache/dubbo,737f7a7ea67832d7f17517326fb2491d0a086dd7,dubbo-rpc/dubbo-rpc-dubbo,org.apache.dubbo.rpc.protocol.dubbo.telnet.PortTelnetHandlerTest.testListDetail,victim,org.apache.dubbo.rpc.protocol.dubbo.DubboProtocolTest.testDemoProtocol,https://github.com/apache/dubbo/pull/2906
apache/dubbo,737f7a7ea67832d7f17517326fb2491d0a086dd7,dubbo-rpc/dubbo-rpc-dubbo,org.apache.dubbo.rpc.protocol.dubbo.telnet.PortTelnetHandlerTest.testListDetail,victim,org.apache.dubbo.rpc.protocol.dubbo.DubboProtocolTest.testNonSerializedParameter,https://github.com/apache/dubbo/pull/2906
apache/dubbo,737f7a7ea67832d7f17517326fb2491d0a086dd7,dubbo-rpc/dubbo-rpc-dubbo,org.apache.dubbo.rpc.protocol.dubbo.telnet.PortTelnetHandlerTest.testListDetail,victim,org.apache.dubbo.rpc.protocol.dubbo.DubboProtocolTest.testPerm,https://github.com/apache/dubbo/pull/2906
apache/dubbo,737f7a7ea67832d7f17517326fb2491d0a086dd7,dubbo-rpc/dubbo-rpc-dubbo,org.apache.dubbo.rpc.protocol.dubbo.telnet.PortTelnetHandlerTest.testListDetail,victim,org.apache.dubbo.rpc.protocol.dubbo.DubboProtocolTest.testReturnNonSerialized,https://github.com/apache/dubbo/pull/2906
apache/dubbo,737f7a7ea67832d7f17517326fb2491d0a086dd7,dubbo-rpc/dubbo-rpc-dubbo,org.apache.dubbo.rpc.protocol.dubbo.telnet.PortTelnetHandlerTest.testListDetail,victim,org.apache.dubbo.rpc.protocol.dubbo.ReferenceCountExchangeClientTest.test_counter_error,https://github.com/apache/dubbo/pull/2906
apache/dubbo,737f7a7ea67832d7f17517326fb2491d0a086dd7,dubbo-rpc/dubbo-rpc-dubbo,org.apache.dubbo.rpc.protocol.dubbo.telnet.PortTelnetHandlerTest.testListDetail,victim,org.apache.dubbo.rpc.protocol.dubbo.ReferenceCountExchangeClientTest.test_multi_destory,https://github.com/apache/dubbo/pull/2906
apache/dubbo,737f7a7ea67832d7f17517326fb2491d0a086dd7,dubbo-rpc/dubbo-rpc-dubbo,org.apache.dubbo.rpc.protocol.dubbo.telnet.PortTelnetHandlerTest.testListDetail,victim,org.apache.dubbo.rpc.protocol.dubbo.ReferenceCountExchangeClientTest.test_not_share_connect,https://github.com/apache/dubbo/pull/2906
apache/dubbo,737f7a7ea67832d7f17517326fb2491d0a086dd7,dubbo-rpc/dubbo-rpc-dubbo,org.apache.dubbo.rpc.protocol.dubbo.telnet.PortTelnetHandlerTest.testListDetail,victim,org.apache.dubbo.rpc.protocol.dubbo.ReferenceCountExchangeClientTest.test_share_connect,https://github.com/apache/dubbo/pull/2906
apache/shardingsphere-elasticjob,b022898ef1b8c984e17efb2a422ee45f6b13e46e,elastic-job-lite-core,io.elasticjob.lite.internal.failover.FailoverServiceTest.assertGetLocalFailoverItemsIfShutdown,victim,io.elasticjob.lite.api.JobSchedulerTest.assertInit,https://github.com/apache/shardingsphere-elasticjob/pull/592
apache/shardingsphere-elasticjob,b022898ef1b8c984e17efb2a422ee45f6b13e46e,elastic-job-lite-core,io.elasticjob.lite.internal.instance.ShutdownListenerManagerTest.assertIsShutdownAlready,victim,io.elasticjob.lite.internal.instance.ShutdownListenerManagerTest.assertRemoveLocalInstancePath,https://github.com/apache/shardingsphere-elasticjob/pull/592
apache/shardingsphere-elasticjob,b022898ef1b8c984e17efb2a422ee45f6b13e46e,elastic-job-lite-core,io.elasticjob.lite.internal.instance.TriggerListenerManagerTest.assertTriggerWhenJobIsNotRunning,victim,io.elasticjob.lite.internal.sharding.ExecutionServiceTest.assertRegisterJobBeginWithoutMonitorExecution,https://github.com/apache/shardingsphere-elasticjob/pull/625
apache/shardingsphere-elasticjob,b022898ef1b8c984e17efb2a422ee45f6b13e46e,elastic-job-lite-core,io.elasticjob.lite.internal.schedule.JobRegistryTest.assertGetCurrentShardingTotalCountIfNull,victim,io.elasticjob.lite.internal.schedule.JobRegistryTest.assertGetCurrentShardingTotalCountIfNotNull,https://github.com/apache/shardingsphere-elasticjob/pull/625
apache/shardingsphere-elasticjob,b022898ef1b8c984e17efb2a422ee45f6b13e46e,elastic-job-lite-core,io.elasticjob.lite.internal.sharding.ShardingListenerManagerTest.assertListenServersChangedJobListenerWhenIsInstanceChangeButJobInstanceIsShutdown,victim,io.elasticjob.lite.api.JobSchedulerTest.assertInit,https://github.com/apache/shardingsphere-elasticjob/pull/592
apache/shardingsphere-elasticjob,b022898ef1b8c984e17efb2a422ee45f6b13e46e,elastic-job-lite-core,io.elasticjob.lite.reg.zookeeper.ZookeeperRegistryCenterModifyTest.assertPersistEphemeralSequential,victim,io.elasticjob.lite.reg.zookeeper.ZookeeperRegistryCenterModifyTest.assertPersistSequential,https://github.com/apache/shardingsphere-elasticjob/pull/636
dropwizard/dropwizard,07dfaed697427e208d65049f80a5d1949833b7cd,dropwizard-logging,io.dropwizard.logging.DefaultLoggingFactoryPrintErrorMessagesTest.testLogbackStatusPrinterPrintStreamIsRestoredToSystemOut,victim,io.dropwizard.logging.ThrottlingAppenderWrapperTest.belowThrottlingLimit,https://github.com/dropwizard/dropwizard/pull/2550
dropwizard/dropwizard,07dfaed697427e208d65049f80a5d1949833b7cd,dropwizard-logging,io.dropwizard.logging.DefaultLoggingFactoryPrintErrorMessagesTest.testLogbackStatusPrinterPrintStreamIsRestoredToSystemOut,victim,io.dropwizard.logging.ThrottlingAppenderWrapperTest.belowThrottlingLimit,https://github.com/dropwizard/dropwizard/pull/2550
dropwizard/dropwizard,07dfaed697427e208d65049f80a5d1949833b7cd,dropwizard-logging,io.dropwizard.logging.DefaultLoggingFactoryPrintErrorMessagesTest.testLogbackStatusPrinterPrintStreamIsRestoredToSystemOut,victim,io.dropwizard.logging.ThrottlingAppenderWrapperTest.overThrottlingLimit,https://github.com/dropwizard/dropwizard/pull/2550
fhoeben/hsac-fitnesse-fixtures,a64c18d9c4bac8271275c7b089d40be20f0604b5,.,nl.hsac.fitnesse.fixture.slim.FileFixtureTest.testDelete,brittle,nl.hsac.fitnesse.fixture.slim.FileFixtureTest.testAppendContainingOnNewline,https://github.com/fhoeben/hsac-fitnesse-fixtures/pull/293
fhoeben/hsac-fitnesse-fixtures,a64c18d9c4bac8271275c7b089d40be20f0604b5,.,nl.hsac.fitnesse.fixture.slim.FileFixtureTest.testDelete,brittle,nl.hsac.fitnesse.fixture.slim.FileFixtureTest.testAppendContainingOnSameline,https://github.com/fhoeben/hsac-fitnesse-fixtures/pull/293
fhoeben/hsac-fitnesse-fixtures,a64c18d9c4bac8271275c7b089d40be20f0604b5,.,nl.hsac.fitnesse.fixture.slim.FileFixtureTest.testDelete,brittle,nl.hsac.fitnesse.fixture.slim.FileFixtureTest.testAppendContainingOnSameline,https://github.com/fhoeben/hsac-fitnesse-fixtures/pull/293
j256/ormlite-core,632b87c2a455b8eab4a6c09324e1f166273588d8,.,com.j256.ormlite.dao.RuntimeExceptionDaoTest.testAssignEmptyForeignCollectionThrow,victim,com.j256.ormlite.logger.LoggerFactoryTest.testSetLogFactory,https://github.com/j256/ormlite-core/pull/310
j256/ormlite-core,632b87c2a455b8eab4a6c09324e1f166273588d8,.,com.j256.ormlite.dao.RuntimeExceptionDaoTest.testCallBatchTasksThrow,victim,com.j256.ormlite.logger.LoggerFactoryTest.testSetLogFactory,https://github.com/j256/ormlite-core/pull/310
j256/ormlite-core,632b87c2a455b8eab4a6c09324e1f166273588d8,.,com.j256.ormlite.dao.RuntimeExceptionDaoTest.testCloseLastIteratorThrows,victim,com.j256.ormlite.logger.LoggerFactoryTest.testSetLogFactory,https://github.com/j256/ormlite-core/pull/310
j256/ormlite-core,632b87c2a455b8eab4a6c09324e1f166273588d8,.,com.j256.ormlite.dao.RuntimeExceptionDaoTest.testCloseLastIteratorThrow,victim,com.j256.ormlite.logger.LoggerFactoryTest.testSetLogFactory,https://github.com/j256/ormlite-core/pull/310
j256/ormlite-core,632b87c2a455b8eab4a6c09324e1f166273588d8,.,com.j256.ormlite.dao.RuntimeExceptionDaoTest.testCommitThrows,victim,com.j256.ormlite.logger.LoggerFactoryTest.testSetLogFactory,https://github.com/j256/ormlite-core/pull/310
j256/ormlite-core,632b87c2a455b8eab4a6c09324e1f166273588d8,.,com.j256.ormlite.dao.RuntimeExceptionDaoTest.testCountOfPreparedThrow,victim,com.j256.ormlite.logger.LoggerFactoryTest.testSetLogFactory,https://github.com/j256/ormlite-core/pull/310
j256/ormlite-core,632b87c2a455b8eab4a6c09324e1f166273588d8,.,com.j256.ormlite.dao.RuntimeExceptionDaoTest.testCountOfThrow,victim,com.j256.ormlite.logger.LoggerFactoryTest.testSetLogFactory,https://github.com/j256/ormlite-core/pull/310
j256/ormlite-core,632b87c2a455b8eab4a6c09324e1f166273588d8,.,com.j256.ormlite.dao.RuntimeExceptionDaoTest.testCreateCollectionThrow,victim,com.j256.ormlite.logger.LoggerFactoryTest.testSetLogFactory,https://github.com/j256/ormlite-core/pull/310
j256/ormlite-core,632b87c2a455b8eab4a6c09324e1f166273588d8,.,com.j256.ormlite.dao.RuntimeExceptionDaoTest.testCreateIfNotExistsThrow,victim,com.j256.ormlite.logger.LoggerFactoryTest.testSetLogFactory,https://github.com/j256/ormlite-core/pull/310
j256/ormlite-core,632b87c2a455b8eab4a6c09324e1f166273588d8,.,com.j256.ormlite.dao.RuntimeExceptionDaoTest.testCreateObjectInstanceThrows,victim,com.j256.ormlite.logger.LoggerFactoryTest.testSetLogFactory,https://github.com/j256/ormlite-core/pull/310
j256/ormlite-core,632b87c2a455b8eab4a6c09324e1f166273588d8,.,com.j256.ormlite.dao.RuntimeExceptionDaoTest.testCreateOrUpdateThrow,victim,com.j256.ormlite.logger.LoggerFactoryTest.testSetLogFactory,https://github.com/j256/ormlite-core/pull/310
j256/ormlite-core,632b87c2a455b8eab4a6c09324e1f166273588d8,.,com.j256.ormlite.dao.RuntimeExceptionDaoTest.testCreateThrow,victim,com.j256.ormlite.logger.LoggerFactoryTest.testSetLogFactory,https://github.com/j256/ormlite-core/pull/310
j256/ormlite-core,632b87c2a455b8eab4a6c09324e1f166273588d8,.,com.j256.ormlite.dao.RuntimeExceptionDaoTest.testDeleteByIdThrow,victim,com.j256.ormlite.logger.LoggerFactoryTest.testSetLogFactory,https://github.com/j256/ormlite-core/pull/310
j256/ormlite-core,632b87c2a455b8eab4a6c09324e1f166273588d8,.,com.j256.ormlite.dao.RuntimeExceptionDaoTest.testDeleteCollectionThrow,victim,com.j256.ormlite.logger.LoggerFactoryTest.testSetLogFactory,https://github.com/j256/ormlite-core/pull/310
j256/ormlite-core,632b87c2a455b8eab4a6c09324e1f166273588d8,.,com.j256.ormlite.dao.RuntimeExceptionDaoTest.testDeleteIdsThrow,victim,com.j256.ormlite.logger.LoggerFactoryTest.testSetLogFactory,https://github.com/j256/ormlite-core/pull/310
j256/ormlite-core,632b87c2a455b8eab4a6c09324e1f166273588d8,.,com.j256.ormlite.dao.RuntimeExceptionDaoTest.testDeletePreparedThrow,victim,com.j256.ormlite.logger.LoggerFactoryTest.testSetLogFactory,https://github.com/j256/ormlite-core/pull/310
j256/ormlite-core,632b87c2a455b8eab4a6c09324e1f166273588d8,.,com.j256.ormlite.dao.RuntimeExceptionDaoTest.testDeleteThrow,victim,com.j256.ormlite.logger.LoggerFactoryTest.testSetLogFactory,https://github.com/j256/ormlite-core/pull/310
j256/ormlite-core,632b87c2a455b8eab4a6c09324e1f166273588d8,.,com.j256.ormlite.dao.RuntimeExceptionDaoTest.testEndThreadConnectionThrows,victim,com.j256.ormlite.logger.LoggerFactoryTest.testSetLogFactory,https://github.com/j256/ormlite-core/pull/310
j256/ormlite-core,632b87c2a455b8eab4a6c09324e1f166273588d8,.,com.j256.ormlite.dao.RuntimeExceptionDaoTest.testExecuteRawNoArgsThrow,victim,com.j256.ormlite.logger.LoggerFactoryTest.testSetLogFactory,https://github.com/j256/ormlite-core/pull/310
j256/ormlite-core,632b87c2a455b8eab4a6c09324e1f166273588d8,.,com.j256.ormlite.dao.RuntimeExceptionDaoTest.testExecuteRawThrow,victim,com.j256.ormlite.logger.LoggerFactoryTest.testSetLogFactory,https://github.com/j256/ormlite-core/pull/310
j256/ormlite-core,632b87c2a455b8eab4a6c09324e1f166273588d8,.,com.j256.ormlite.dao.RuntimeExceptionDaoTest.testExtractIdThrow,victim,com.j256.ormlite.logger.LoggerFactoryTest.testSetLogFactory,https://github.com/j256/ormlite-core/pull/310
j256/ormlite-core,632b87c2a455b8eab4a6c09324e1f166273588d8,.,com.j256.ormlite.dao.RuntimeExceptionDaoTest.testGetEmptyForeignCollectionThrow,victim,com.j256.ormlite.logger.LoggerFactoryTest.testSetLogFactory,https://github.com/j256/ormlite-core/pull/310
j256/ormlite-core,632b87c2a455b8eab4a6c09324e1f166273588d8,.,com.j256.ormlite.dao.RuntimeExceptionDaoTest.testGetSelectStarRowMapperThrow,victim,com.j256.ormlite.logger.LoggerFactoryTest.testSetLogFactory,https://github.com/j256/ormlite-core/pull/310
j256/ormlite-core,632b87c2a455b8eab4a6c09324e1f166273588d8,.,com.j256.ormlite.dao.RuntimeExceptionDaoTest.testIdExistsThrows,victim,com.j256.ormlite.logger.LoggerFactoryTest.testSetLogFactory,https://github.com/j256/ormlite-core/pull/310
j256/ormlite-core,632b87c2a455b8eab4a6c09324e1f166273588d8,.,com.j256.ormlite.dao.RuntimeExceptionDaoTest.testIsAutoCommitThrows,victim,com.j256.ormlite.logger.LoggerFactoryTest.testSetLogFactory,https://github.com/j256/ormlite-core/pull/310
j256/ormlite-core,632b87c2a455b8eab4a6c09324e1f166273588d8,.,com.j256.ormlite.dao.RuntimeExceptionDaoTest.testIsTableExistsThrow,victim,com.j256.ormlite.logger.LoggerFactoryTest.testSetLogFactory,https://github.com/j256/ormlite-core/pull/310
j256/ormlite-core,632b87c2a455b8eab4a6c09324e1f166273588d8,.,com.j256.ormlite.dao.RuntimeExceptionDaoTest.testIteratorQueryFlags,victim,com.j256.ormlite.logger.LoggerFactoryTest.testSetLogFactory,https://github.com/j256/ormlite-core/pull/310
j256/ormlite-core,632b87c2a455b8eab4a6c09324e1f166273588d8,.,com.j256.ormlite.dao.RuntimeExceptionDaoTest.testIteratorThrow,victim,com.j256.ormlite.logger.LoggerFactoryTest.testSetLogFactory,https://github.com/j256/ormlite-core/pull/310
j256/ormlite-core,632b87c2a455b8eab4a6c09324e1f166273588d8,.,com.j256.ormlite.dao.RuntimeExceptionDaoTest.testMapSelectStarRowThrow,victim,com.j256.ormlite.logger.LoggerFactoryTest.testSetLogFactory,https://github.com/j256/ormlite-core/pull/310
j256/ormlite-core,632b87c2a455b8eab4a6c09324e1f166273588d8,.,com.j256.ormlite.dao.RuntimeExceptionDaoTest.testObjectsEqualThrow,victim,com.j256.ormlite.logger.LoggerFactoryTest.testSetLogFactory,https://github.com/j256/ormlite-core/pull/310
j256/ormlite-core,632b87c2a455b8eab4a6c09324e1f166273588d8,.,com.j256.ormlite.dao.RuntimeExceptionDaoTest.testQueryForAllThrow,victim,com.j256.ormlite.logger.LoggerFactoryTest.testSetLogFactory,https://github.com/j256/ormlite-core/pull/310
j256/ormlite-core,632b87c2a455b8eab4a6c09324e1f166273588d8,.,com.j256.ormlite.dao.RuntimeExceptionDaoTest.testQueryForEqThrow,victim,com.j256.ormlite.logger.LoggerFactoryTest.testSetLogFactory,https://github.com/j256/ormlite-core/pull/310
j256/ormlite-core,632b87c2a455b8eab4a6c09324e1f166273588d8,.,com.j256.ormlite.dao.RuntimeExceptionDaoTest.testQueryForFieldsValuesArgsThrow,victim,com.j256.ormlite.logger.LoggerFactoryTest.testSetLogFactory,https://github.com/j256/ormlite-core/pull/310
j256/ormlite-core,632b87c2a455b8eab4a6c09324e1f166273588d8,.,com.j256.ormlite.dao.RuntimeExceptionDaoTest.testQueryForFieldsValuesThrow,victim,com.j256.ormlite.logger.LoggerFactoryTest.testSetLogFactory,https://github.com/j256/ormlite-core/pull/310
j256/ormlite-core,632b87c2a455b8eab4a6c09324e1f166273588d8,.,com.j256.ormlite.dao.RuntimeExceptionDaoTest.testQueryForFirstPreparedThrow,victim,com.j256.ormlite.logger.LoggerFactoryTest.testSetLogFactory,https://github.com/j256/ormlite-core/pull/310
j256/ormlite-core,632b87c2a455b8eab4a6c09324e1f166273588d8,.,com.j256.ormlite.dao.RuntimeExceptionDaoTest.testQueryForIdThrow,victim,com.j256.ormlite.logger.LoggerFactoryTest.testSetLogFactory,https://github.com/j256/ormlite-core/pull/310
j256/ormlite-core,632b87c2a455b8eab4a6c09324e1f166273588d8,.,com.j256.ormlite.dao.RuntimeExceptionDaoTest.testQueryForMatchingArgsThrow,victim,com.j256.ormlite.logger.LoggerFactoryTest.testSetLogFactory,https://github.com/j256/ormlite-core/pull/310
j256/ormlite-core,632b87c2a455b8eab4a6c09324e1f166273588d8,.,com.j256.ormlite.dao.RuntimeExceptionDaoTest.testQueryForMatchingThrow,victim,com.j256.ormlite.logger.LoggerFactoryTest.testSetLogFactory,https://github.com/j256/ormlite-core/pull/310
j256/ormlite-core,632b87c2a455b8eab4a6c09324e1f166273588d8,.,com.j256.ormlite.dao.RuntimeExceptionDaoTest.testQueryForSameIdThrow,victim,com.j256.ormlite.logger.LoggerFactoryTest.testSetLogFactory,https://github.com/j256/ormlite-core/pull/310
j256/ormlite-core,632b87c2a455b8eab4a6c09324e1f166273588d8,.,com.j256.ormlite.dao.RuntimeExceptionDaoTest.testQueryRawDatatypesThrows,victim,com.j256.ormlite.logger.LoggerFactoryTest.testSetLogFactory,https://github.com/j256/ormlite-core/pull/310
j256/ormlite-core,632b87c2a455b8eab4a6c09324e1f166273588d8,.,com.j256.ormlite.dao.RuntimeExceptionDaoTest.testQueryRawDateTypesThrow,victim,com.j256.ormlite.logger.LoggerFactoryTest.testSetLogFactory,https://github.com/j256/ormlite-core/pull/310
j256/ormlite-core,632b87c2a455b8eab4a6c09324e1f166273588d8,.,com.j256.ormlite.dao.RuntimeExceptionDaoTest.testQueryRawMapperThrows,victim,com.j256.ormlite.logger.LoggerFactoryTest.testSetLogFactory,https://github.com/j256/ormlite-core/pull/310
j256/ormlite-core,632b87c2a455b8eab4a6c09324e1f166273588d8,.,com.j256.ormlite.dao.RuntimeExceptionDaoTest.testQueryRawRowMapperThrow,victim,com.j256.ormlite.logger.LoggerFactoryTest.testSetLogFactory,https://github.com/j256/ormlite-core/pull/310
j256/ormlite-core,632b87c2a455b8eab4a6c09324e1f166273588d8,.,com.j256.ormlite.dao.RuntimeExceptionDaoTest.testQueryRawThrow,victim,com.j256.ormlite.logger.LoggerFactoryTest.testSetLogFactory,https://github.com/j256/ormlite-core/pull/310
j256/ormlite-core,632b87c2a455b8eab4a6c09324e1f166273588d8,.,com.j256.ormlite.dao.RuntimeExceptionDaoTest.testQueryRawValueThrow,victim,com.j256.ormlite.logger.LoggerFactoryTest.testSetLogFactory,https://github.com/j256/ormlite-core/pull/310
j256/ormlite-core,632b87c2a455b8eab4a6c09324e1f166273588d8,.,com.j256.ormlite.dao.RuntimeExceptionDaoTest.testQueryThrow,victim,com.j256.ormlite.logger.LoggerFactoryTest.testSetLogFactory,https://github.com/j256/ormlite-core/pull/310
j256/ormlite-core,632b87c2a455b8eab4a6c09324e1f166273588d8,.,com.j256.ormlite.dao.RuntimeExceptionDaoTest.testRefreshThrow,victim,com.j256.ormlite.logger.LoggerFactoryTest.testSetLogFactory,https://github.com/j256/ormlite-core/pull/310
j256/ormlite-core,632b87c2a455b8eab4a6c09324e1f166273588d8,.,com.j256.ormlite.dao.RuntimeExceptionDaoTest.testRollbackThrows,victim,com.j256.ormlite.logger.LoggerFactoryTest.testSetLogFactory,https://github.com/j256/ormlite-core/pull/310
j256/ormlite-core,632b87c2a455b8eab4a6c09324e1f166273588d8,.,com.j256.ormlite.dao.RuntimeExceptionDaoTest.testSetAutoCommitThrows,victim,com.j256.ormlite.logger.LoggerFactoryTest.testSetLogFactory,https://github.com/j256/ormlite-core/pull/310
j256/ormlite-core,632b87c2a455b8eab4a6c09324e1f166273588d8,.,com.j256.ormlite.dao.RuntimeExceptionDaoTest.testSetObjectCacheCacheThrow,victim,com.j256.ormlite.logger.LoggerFactoryTest.testSetLogFactory,https://github.com/j256/ormlite-core/pull/310
j256/ormlite-core,632b87c2a455b8eab4a6c09324e1f166273588d8,.,com.j256.ormlite.dao.RuntimeExceptionDaoTest.testSetObjectCacheThrow,victim,com.j256.ormlite.logger.LoggerFactoryTest.testSetLogFactory,https://github.com/j256/ormlite-core/pull/310
j256/ormlite-core,632b87c2a455b8eab4a6c09324e1f166273588d8,.,com.j256.ormlite.dao.RuntimeExceptionDaoTest.testStartThreadConnectionThrows,victim,com.j256.ormlite.logger.LoggerFactoryTest.testSetLogFactory,https://github.com/j256/ormlite-core/pull/310
j256/ormlite-core,632b87c2a455b8eab4a6c09324e1f166273588d8,.,com.j256.ormlite.dao.RuntimeExceptionDaoTest.testUpdateIdThrow,victim,com.j256.ormlite.logger.LoggerFactoryTest.testSetLogFactory,https://github.com/j256/ormlite-core/pull/310
j256/ormlite-core,632b87c2a455b8eab4a6c09324e1f166273588d8,.,com.j256.ormlite.dao.RuntimeExceptionDaoTest.testUpdatePreparedThrow,victim,com.j256.ormlite.logger.LoggerFactoryTest.testSetLogFactory,https://github.com/j256/ormlite-core/pull/310
j256/ormlite-core,632b87c2a455b8eab4a6c09324e1f166273588d8,.,com.j256.ormlite.dao.RuntimeExceptionDaoTest.testUpdateRawThrow,victim,com.j256.ormlite.logger.LoggerFactoryTest.testSetLogFactory,https://github.com/j256/ormlite-core/pull/310
j256/ormlite-core,632b87c2a455b8eab4a6c09324e1f166273588d8,.,com.j256.ormlite.dao.RuntimeExceptionDaoTest.testUpdateThrow,victim,com.j256.ormlite.logger.LoggerFactoryTest.testSetLogFactory,https://github.com/j256/ormlite-core/pull/310
j256/ormlite-core,632b87c2a455b8eab4a6c09324e1f166273588d8,.,com.j256.ormlite.db.BaseDatabaseTypeTest.testDriverNotFound,victim,com.j256.ormlite.logger.LoggerFactoryTest.testSetLogFactory,https://github.com/j256/ormlite-core/pull/310
j256/ormlite-core,632b87c2a455b8eab4a6c09324e1f166273588d8,.,com.j256.ormlite.misc.TransactionManagerTest.testConnectionLeakCreateList,victim,com.j256.ormlite.logger.LoggerFactoryTest.testSetLogFactory,https://github.com/j256/ormlite-core/pull/310
j256/ormlite-core,632b87c2a455b8eab4a6c09324e1f166273588d8,.,com.j256.ormlite.misc.TransactionManagerTest.testDaoTransactionManagerCommitted,victim,com.j256.ormlite.logger.LoggerFactoryTest.testSetLogFactory,https://github.com/j256/ormlite-core/pull/310
j256/ormlite-core,632b87c2a455b8eab4a6c09324e1f166273588d8,.,com.j256.ormlite.misc.TransactionManagerTest.testNestedTransactionsReleaseFails,victim,com.j256.ormlite.logger.LoggerFactoryTest.testSetLogFactory,https://github.com/j256/ormlite-core/pull/310
j256/ormlite-core,632b87c2a455b8eab4a6c09324e1f166273588d8,.,com.j256.ormlite.misc.TransactionManagerTest.testNestedTransactions,victim,com.j256.ormlite.logger.LoggerFactoryTest.testSetLogFactory,https://github.com/j256/ormlite-core/pull/310
j256/ormlite-core,632b87c2a455b8eab4a6c09324e1f166273588d8,.,com.j256.ormlite.misc.TransactionManagerTest.testNonRuntimeExceptionWiredRollBack,victim,com.j256.ormlite.logger.LoggerFactoryTest.testSetLogFactory,https://github.com/j256/ormlite-core/pull/310
j256/ormlite-core,632b87c2a455b8eab4a6c09324e1f166273588d8,.,com.j256.ormlite.misc.TransactionManagerTest.testRollBack,victim,com.j256.ormlite.logger.LoggerFactoryTest.testSetLogFactory,https://github.com/j256/ormlite-core/pull/310
j256/ormlite-core,632b87c2a455b8eab4a6c09324e1f166273588d8,.,com.j256.ormlite.misc.TransactionManagerTest.testSpringWiredRollBack,victim,com.j256.ormlite.logger.LoggerFactoryTest.testSetLogFactory,https://github.com/j256/ormlite-core/pull/310
j256/ormlite-core,632b87c2a455b8eab4a6c09324e1f166273588d8,.,com.j256.ormlite.misc.TransactionManagerTest.testTransactionManagerAutoCommitOn,victim,com.j256.ormlite.logger.LoggerFactoryTest.testSetLogFactory,https://github.com/j256/ormlite-core/pull/310
j256/ormlite-core,632b87c2a455b8eab4a6c09324e1f166273588d8,.,com.j256.ormlite.misc.TransactionManagerTest.testTransactionManagerAutoCommitSupported,victim,com.j256.ormlite.logger.LoggerFactoryTest.testSetLogFactory,https://github.com/j256/ormlite-core/pull/310
j256/ormlite-core,632b87c2a455b8eab4a6c09324e1f166273588d8,.,com.j256.ormlite.misc.TransactionManagerTest.testTransactionManagerRollbackNullSavePoint,victim,com.j256.ormlite.logger.LoggerFactoryTest.testSetLogFactory,https://github.com/j256/ormlite-core/pull/310
j256/ormlite-core,632b87c2a455b8eab4a6c09324e1f166273588d8,.,com.j256.ormlite.misc.TransactionManagerTest.testTransactionManagerRollbackOtherException,victim,com.j256.ormlite.logger.LoggerFactoryTest.testSetLogFactory,https://github.com/j256/ormlite-core/pull/310
j256/ormlite-core,632b87c2a455b8eab4a6c09324e1f166273588d8,.,com.j256.ormlite.misc.TransactionManagerTest.testTransactionManagerRollback,victim,com.j256.ormlite.logger.LoggerFactoryTest.testSetLogFactory,https://github.com/j256/ormlite-core/pull/310
j256/ormlite-core,632b87c2a455b8eab4a6c09324e1f166273588d8,.,com.j256.ormlite.misc.TransactionManagerTest.testTransactionManagerSavePointNull,victim,com.j256.ormlite.logger.LoggerFactoryTest.testSetLogFactory,https://github.com/j256/ormlite-core/pull/310
j256/ormlite-core,632b87c2a455b8eab4a6c09324e1f166273588d8,.,com.j256.ormlite.misc.TransactionManagerTest.testTransactionManagerTableName,victim,com.j256.ormlite.logger.LoggerFactoryTest.testSetLogFactory,https://github.com/j256/ormlite-core/pull/310
j256/ormlite-core,632b87c2a455b8eab4a6c09324e1f166273588d8,.,com.j256.ormlite.misc.TransactionManagerTest.testTransactionManager,victim,com.j256.ormlite.logger.LoggerFactoryTest.testSetLogFactory,https://github.com/j256/ormlite-core/pull/310
j256/ormlite-core,632b87c2a455b8eab4a6c09324e1f166273588d8,.,com.j256.ormlite.misc.TransactionManagerTest.testTransactionWithinTransactionFails,victim,com.j256.ormlite.logger.LoggerFactoryTest.testSetLogFactory,https://github.com/j256/ormlite-core/pull/310
j256/ormlite-core,632b87c2a455b8eab4a6c09324e1f166273588d8,.,com.j256.ormlite.misc.TransactionManagerTest.testTransactionWithinTransaction,victim,com.j256.ormlite.logger.LoggerFactoryTest.testSetLogFactory,https://github.com/j256/ormlite-core/pull/310
j256/ormlite-core,632b87c2a455b8eab4a6c09324e1f166273588d8,.,com.j256.ormlite.stmt.QueryBuilderWithSchemaTest.testQueryRawColumnsNotQuery,victim,com.j256.ormlite.logger.LoggerFactoryTest.testSetLogFactory,https://github.com/j256/ormlite-core/pull/310
j256/ormlite-core,632b87c2a455b8eab4a6c09324e1f166273588d8,.,com.j256.ormlite.stmt.StatementExecutorTest.testCallBatchTasksNestedInTransaction,victim,com.j256.ormlite.logger.LoggerFactoryTest.testSetLogFactory,https://github.com/j256/ormlite-core/pull/310
j256/ormlite-core,632b87c2a455b8eab4a6c09324e1f166273588d8,.,com.j256.ormlite.support.BaseConnectionSourceTest.testClearDifferentConnection,victim,com.j256.ormlite.logger.LoggerFactoryTest.testSetLogFactory,https://github.com/j256/ormlite-core/pull/310
j256/ormlite-core,632b87c2a455b8eab4a6c09324e1f166273588d8,.,com.j256.ormlite.support.BaseConnectionSourceTest.testClearNone,victim,com.j256.ormlite.logger.LoggerFactoryTest.testSetLogFactory,https://github.com/j256/ormlite-core/pull/310
j256/ormlite-core,632b87c2a455b8eab4a6c09324e1f166273588d8,.,com.j256.ormlite.support.DatabaseConnectionProxyFactoryTest.testBasic,victim,com.j256.ormlite.logger.LoggerFactoryTest.testSetLogFactory,https://github.com/j256/ormlite-core/pull/310
j256/ormlite-core,632b87c2a455b8eab4a6c09324e1f166273588d8,.,com.j256.ormlite.support.DatabaseConnectionProxyFactoryTest.testChangeInsertValue,victim,com.j256.ormlite.logger.LoggerFactoryTest.testSetLogFactory,https://github.com/j256/ormlite-core/pull/310
j256/ormlite-core,632b87c2a455b8eab4a6c09324e1f166273588d8,.,com.j256.ormlite.table.SchemaUtilsTest.testCreateIfNotExists,victim,com.j256.ormlite.logger.LoggerFactoryTest.testSetLogFactory,https://github.com/j256/ormlite-core/pull/310
j256/ormlite-core,632b87c2a455b8eab4a6c09324e1f166273588d8,.,com.j256.ormlite.table.SchemaUtilsTest.testCreateSchemaDao,victim,com.j256.ormlite.logger.LoggerFactoryTest.testSetLogFactory,https://github.com/j256/ormlite-core/pull/310
j256/ormlite-core,632b87c2a455b8eab4a6c09324e1f166273588d8,.,com.j256.ormlite.table.SchemaUtilsTest.testCreateSchemaName,victim,com.j256.ormlite.logger.LoggerFactoryTest.testSetLogFactory,https://github.com/j256/ormlite-core/pull/310
j256/ormlite-core,632b87c2a455b8eab4a6c09324e1f166273588d8,.,com.j256.ormlite.table.SchemaUtilsTest.testCreateSchema,victim,com.j256.ormlite.logger.LoggerFactoryTest.testSetLogFactory,https://github.com/j256/ormlite-core/pull/310
j256/ormlite-core,632b87c2a455b8eab4a6c09324e1f166273588d8,.,com.j256.ormlite.table.SchemaUtilsTest.testDropSchemaThrow,victim,com.j256.ormlite.logger.LoggerFactoryTest.testSetLogFactory,https://github.com/j256/ormlite-core/pull/310
j256/ormlite-core,632b87c2a455b8eab4a6c09324e1f166273588d8,.,com.j256.ormlite.table.SchemaUtilsTest.testDropSchema,victim,com.j256.ormlite.logger.LoggerFactoryTest.testSetLogFactory,https://github.com/j256/ormlite-core/pull/310
jnr/jnr-posix,dbda72ce198a8dd766c30c591d63d726d2a28a7c,.,jnr.posix.GroupTest.getgroups,victim,jnr.posix.EnvTest.testSetenvOverwrite,https://github.com/jnr/jnr-posix/pull/185
jnr/jnr-posix,dbda72ce198a8dd766c30c591d63d726d2a28a7c,.,jnr.posix.NlLanginfoTest.testNlLanginfo,victim,jnr.posix.EnvTest.testSetenvOverwrite,https://github.com/jnr/jnr-posix/pull/185
jnr/jnr-posix,dbda72ce198a8dd766c30c591d63d726d2a28a7c,.,jnr.posix.SpawnTest.closeInput,victim,jnr.posix.EnvTest.testSetenvOverwrite,https://github.com/jnr/jnr-posix/pull/185
jnr/jnr-posix,dbda72ce198a8dd766c30c591d63d726d2a28a7c,.,jnr.posix.SpawnTest.inputPipe,victim,jnr.posix.EnvTest.testSetenvOverwrite,https://github.com/jnr/jnr-posix/pull/185
jnr/jnr-posix,dbda72ce198a8dd766c30c591d63d726d2a28a7c,.,jnr.posix.SpawnTest.outputPipe,victim,jnr.posix.EnvTest.testSetenvOverwrite,https://github.com/jnr/jnr-posix/pull/185
jnr/jnr-posix,dbda72ce198a8dd766c30c591d63d726d2a28a7c,.,jnr.posix.SpawnTest.validPid,victim,jnr.posix.EnvTest.testSetenvOverwrite,https://github.com/jnr/jnr-posix/pull/185
ktuukkan/marine-api,af0003847db9ba822f67d4f1dceb8de3fe63250a,.,net.sf.marineapi.ais.event.AbstractAISMessageListenerTest.testSequenceListenerWithIncorrectOrder,victim,net.sf.marineapi.nmea.parser.SentenceFactoryTest.testRegisterParserWithAlternativeBeginChar,https://github.com/ktuukkan/marine-api/pull/109
ktuukkan/marine-api,af0003847db9ba822f67d4f1dceb8de3fe63250a,.,net.sf.marineapi.ais.parser.AISMessageFactoryTest.testCreateWithTwo,victim,net.sf.marineapi.nmea.parser.SentenceFactoryTest.testRegisterParserWithAlternativeBeginChar,https://github.com/ktuukkan/marine-api/pull/109
OpenHFT/Chronicle-Wire,27a9efc3ced000f46e0f46263614e08896058290,.,net.openhft.chronicle.wire.TextWireTest.testSingleQuote,brittle,net.openhft.chronicle.wire.TextWireTest.testTypeWithEmpty,https://github.com/OpenHFT/Chronicle-Wire/pull/235
OpenHFT/Chronicle-Wire,27a9efc3ced000f46e0f46263614e08896058290,.,net.openhft.chronicle.wire.YamlWireTest.testSingleQuote,brittle,net.openhft.chronicle.wire.YamlWireTest.testTypeWithEmpty,https://github.com/OpenHFT/Chronicle-Wire/pull/235
rrd4j/rrd4j,5e0c9c7e138167388721a0620b95526e89fd6059,.,org.rrd4j.graph.FontTest.testClean,victim,org.rrd4j.graph.FontTest.testExplicitURL,https://github.com/rrd4j/rrd4j/pull/160
spring-projects/spring-ws,e8d89c9eb0929dda304174729c9c69fb29f448eb,spring-ws-security,org.springframework.ws.soap.security.xwss.callback.SpringDigestPasswordValidationCallbackHandlerTest.testAuthenticateUserDigestUserNotFound,victim,org.springframework.ws.soap.security.wss4j2.callback.SpringSecurityPasswordValidationCallbackHandlerTest.testHandleUsernameTokenPrincipal,https://github.com/spring-projects/spring-ws/pull/1165
spring-projects/spring-ws,e8d89c9eb0929dda304174729c9c69fb29f448eb,spring-ws-security,org.springframework.ws.soap.security.xwss.callback.SpringDigestPasswordValidationCallbackHandlerTest.testAuthenticateUserDigestValidInvalid,victim,org.springframework.ws.soap.security.wss4j2.callback.SpringSecurityPasswordValidationCallbackHandlerTest.testHandleUsernameTokenPrincipal,https://github.com/spring-projects/spring-ws/pull/1165
wikidata/wikidata-toolkit,20de6f7f12319f54eb962ff6e8357b3f5695d54d,wdtk-dumpfiles,org.wikidata.wdtk.dumpfiles.MwDumpFileProcessingTest.testMwDailyDumpFileProcessing,brittle,org.wikidata.wdtk.dumpfiles.JsonDumpFileProcessingTest.testBuggyJsonProcessing,https://github.com/Wikidata/Wikidata-Toolkit/pull/480
wikidata/wikidata-toolkit,20de6f7f12319f54eb962ff6e8357b3f5695d54d,wdtk-dumpfiles,org.wikidata.wdtk.dumpfiles.MwDumpFileProcessingTest.testMwDailyDumpFileProcessing,brittle,org.wikidata.wdtk.dumpfiles.JsonDumpFileProcessingTest.testNonTimeout,https://github.com/Wikidata/Wikidata-Toolkit/pull/480
wikidata/wikidata-toolkit,20de6f7f12319f54eb962ff6e8357b3f5695d54d,wdtk-dumpfiles,org.wikidata.wdtk.dumpfiles.MwDumpFileProcessingTest.testMwDailyDumpFileProcessing,brittle,org.wikidata.wdtk.dumpfiles.JsonDumpFileProcessingTest.testRegularJsonProcessing,https://github.com/Wikidata/Wikidata-Toolkit/pull/480
wikidata/wikidata-toolkit,20de6f7f12319f54eb962ff6e8357b3f5695d54d,wdtk-dumpfiles,org.wikidata.wdtk.dumpfiles.MwDumpFileProcessingTest.testMwDailyDumpFileProcessing,brittle,org.wikidata.wdtk.dumpfiles.MwDumpFileProcessingTest.testMwRecentFullDumpFileProcessing,https://github.com/Wikidata/Wikidata-Toolkit/pull/480
wikidata/wikidata-toolkit,20de6f7f12319f54eb962ff6e8357b3f5695d54d,wdtk-dumpfiles,org.wikidata.wdtk.dumpfiles.MwDumpFileProcessingTest.testMwDailyDumpFileProcessing,brittle,org.wikidata.wdtk.dumpfiles.MwDumpFileProcessingTest.testMwRecentFullDumpFileProcessing,https://github.com/Wikidata/Wikidata-Toolkit/pull/480
wikidata/wikidata-toolkit,20de6f7f12319f54eb962ff6e8357b3f5695d54d,wdtk-dumpfiles,org.wikidata.wdtk.dumpfiles.MwDumpFileProcessingTest.testMwMostRecentFullDumpFileProcessing,brittle,org.wikidata.wdtk.dumpfiles.MwDumpFileProcessingTest.testMwRecentFullDumpFileProcessing,https://github.com/Wikidata/Wikidata-Toolkit/pull/484
wikidata/wikidata-toolkit,20de6f7f12319f54eb962ff6e8357b3f5695d54d,wdtk-dumpfiles,org.wikidata.wdtk.dumpfiles.MwDumpFileProcessingTest.testMwMostRecentFullDumpFileProcessing,brittle,org.wikidata.wdtk.dumpfiles.wmf.WmfOnlineStandardDumpFileTest.downloadNoDumpFile,https://github.com/Wikidata/Wikidata-Toolkit/pull/484
wikidata/wikidata-toolkit,20de6f7f12319f54eb962ff6e8357b3f5695d54d,wdtk-dumpfiles,org.wikidata.wdtk.dumpfiles.MwDumpFileProcessingTest.testMwMostRecentFullDumpFileProcessing,brittle,org.wikidata.wdtk.dumpfiles.wmf.WmfOnlineStandardDumpFileTest.downloadNoMd5sum,https://github.com/Wikidata/Wikidata-Toolkit/pull/484
wikidata/wikidata-toolkit,20de6f7f12319f54eb962ff6e8357b3f5695d54d,wdtk-dumpfiles,org.wikidata.wdtk.dumpfiles.MwDumpFileProcessingTest.testMwMostRecentFullDumpFileProcessing,brittle,org.wikidata.wdtk.dumpfiles.wmf.WmfOnlineStandardDumpFileTest.downloadNoRevisionId,https://github.com/Wikidata/Wikidata-Toolkit/pull/484
wikidata/wikidata-toolkit,20de6f7f12319f54eb962ff6e8357b3f5695d54d,wdtk-dumpfiles,org.wikidata.wdtk.dumpfiles.MwDumpFileProcessingTest.testMwMostRecentFullDumpFileProcessing,brittle,org.wikidata.wdtk.dumpfiles.wmf.WmfOnlineStandardDumpFileTest.emptyFullDumpIsDone,https://github.com/Wikidata/Wikidata-Toolkit/pull/484
wikidata/wikidata-toolkit,20de6f7f12319f54eb962ff6e8357b3f5695d54d,wdtk-dumpfiles,org.wikidata.wdtk.dumpfiles.MwDumpFileProcessingTest.testMwMostRecentFullDumpFileProcessing,brittle,org.wikidata.wdtk.dumpfiles.wmf.WmfOnlineStandardDumpFileTest.inaccessibleCurrentDumpProperties,https://github.com/Wikidata/Wikidata-Toolkit/pull/484
wikidata/wikidata-toolkit,20de6f7f12319f54eb962ff6e8357b3f5695d54d,wdtk-dumpfiles,org.wikidata.wdtk.dumpfiles.MwDumpFileProcessingTest.testMwMostRecentFullDumpFileProcessing,brittle,org.wikidata.wdtk.dumpfiles.wmf.WmfOnlineStandardDumpFileTest.missingFullDumpProperties,https://github.com/Wikidata/Wikidata-Toolkit/pull/484
wikidata/wikidata-toolkit,20de6f7f12319f54eb962ff6e8357b3f5695d54d,wdtk-dumpfiles,org.wikidata.wdtk.dumpfiles.MwDumpFileProcessingTest.testMwMostRecentFullDumpFileProcessing,brittle,org.wikidata.wdtk.dumpfiles.wmf.WmfOnlineStandardDumpFileTest.validCurrentDumpPropertiesNewFormat,https://github.com/Wikidata/Wikidata-Toolkit/pull/484
wikidata/wikidata-toolkit,20de6f7f12319f54eb962ff6e8357b3f5695d54d,wdtk-dumpfiles,org.wikidata.wdtk.dumpfiles.MwDumpFileProcessingTest.testMwMostRecentFullDumpFileProcessing,brittle,org.wikidata.wdtk.dumpfiles.wmf.WmfOnlineStandardDumpFileTest.validCurrentDumpPropertiesOldFormat,https://github.com/Wikidata/Wikidata-Toolkit/pull/484
wikidata/wikidata-toolkit,20de6f7f12319f54eb962ff6e8357b3f5695d54d,wdtk-dumpfiles,org.wikidata.wdtk.dumpfiles.MwDumpFileProcessingTest.testMwRecentCurrentDumpFileProcessing,brittle,org.wikidata.wdtk.dumpfiles.JsonDumpFileProcessingTest.testBuggyJsonProcessing,https://github.com/Wikidata/Wikidata-Toolkit/pull/484
wikidata/wikidata-toolkit,20de6f7f12319f54eb962ff6e8357b3f5695d54d,wdtk-dumpfiles,org.wikidata.wdtk.dumpfiles.MwDumpFileProcessingTest.testMwRecentCurrentDumpFileProcessing,brittle,org.wikidata.wdtk.dumpfiles.JsonDumpFileProcessingTest.testNonTimeout,https://github.com/Wikidata/Wikidata-Toolkit/pull/484
wikidata/wikidata-toolkit,20de6f7f12319f54eb962ff6e8357b3f5695d54d,wdtk-dumpfiles,org.wikidata.wdtk.dumpfiles.MwDumpFileProcessingTest.testMwRecentCurrentDumpFileProcessing,brittle,org.wikidata.wdtk.dumpfiles.JsonDumpFileProcessingTest.testRegularJsonProcessing,https://github.com/Wikidata/Wikidata-Toolkit/pull/484
wikidata/wikidata-toolkit,20de6f7f12319f54eb962ff6e8357b3f5695d54d,wdtk-dumpfiles,org.wikidata.wdtk.dumpfiles.MwDumpFileProcessingTest.testMwRecentCurrentDumpFileProcessing,brittle,org.wikidata.wdtk.dumpfiles.MwDumpFileProcessingTest.testMwRecentFullDumpFileProcessing,https://github.com/Wikidata/Wikidata-Toolkit/pull/484
wikidata/wikidata-toolkit,20de6f7f12319f54eb962ff6e8357b3f5695d54d,wdtk-dumpfiles,org.wikidata.wdtk.dumpfiles.MwDumpFileProcessingTest.testMwRecentCurrentDumpFileProcessing,brittle,org.wikidata.wdtk.dumpfiles.MwDumpFileProcessingTest.testMwRecentFullDumpFileProcessing,https://github.com/Wikidata/Wikidata-Toolkit/pull/484
wikidata/wikidata-toolkit,20de6f7f12319f54eb962ff6e8357b3f5695d54d,wdtk-util,org.wikidata.wdtk.util.DirectoryManagerFactoryTest.createDefaultDirectoryManagerPath,victim,org.wikidata.wdtk.util.DirectoryManagerFactoryTest.createDirectoryManagerNoConstructor,https://github.com/Wikidata/Wikidata-Toolkit/pull/485
wikidata/wikidata-toolkit,20de6f7f12319f54eb962ff6e8357b3f5695d54d,wdtk-util,org.wikidata.wdtk.util.DirectoryManagerFactoryTest.createDirectoryManagerIoException,victim,org.wikidata.wdtk.util.DirectoryManagerFactoryTest.createDirectoryManagerNoConstructor,https://github.com/Wikidata/Wikidata-Toolkit/pull/485
wildfly/wildfly,b19048b72669fc0e96665b1b125dc1fda21f5993,naming,org.jboss.as.naming.InitialContextFactoryTestCase.testInitialFactory,victim,org.jboss.as.naming.WritableServiceBasedNamingStoreTestCase.testPermissions,https://github.com/wildfly/wildfly/pull/11833
wildfly/wildfly,b19048b72669fc0e96665b1b125dc1fda21f5993,naming,org.jboss.as.naming.InitialContextFactoryTestCase.testJavaContext,victim,org.jboss.as.naming.WritableServiceBasedNamingStoreTestCase.testPermissions,https://github.com/wildfly/wildfly/pull/11833
wildfly/wildfly,b19048b72669fc0e96665b1b125dc1fda21f5993,naming,org.jboss.as.naming.InitialContextTestCase.testRegisterURLSchemeHandler,victim,org.jboss.as.naming.WritableServiceBasedNamingStoreTestCase.testPermissions,https://github.com/wildfly/wildfly/pull/11833
wildfly/wildfly,b19048b72669fc0e96665b1b125dc1fda21f5993,naming,org.jboss.as.naming.NamingEventCoordinatorTestCase.testFireAllEvent,victim,org.jboss.as.naming.WritableServiceBasedNamingStoreTestCase.testPermissions,https://github.com/wildfly/wildfly/pull/11833
wildfly/wildfly,b19048b72669fc0e96665b1b125dc1fda21f5993,naming,org.jboss.as.naming.NamingEventCoordinatorTestCase.testFireMultiLevelEvent,victim,org.jboss.as.naming.WritableServiceBasedNamingStoreTestCase.testPermissions,https://github.com/wildfly/wildfly/pull/11833
wildfly/wildfly,b19048b72669fc0e96665b1b125dc1fda21f5993,naming,org.jboss.as.naming.NamingEventCoordinatorTestCase.testFireObjectEvent,victim,org.jboss.as.naming.WritableServiceBasedNamingStoreTestCase.testPermissions,https://github.com/wildfly/wildfly/pull/11833
wildfly/wildfly,b19048b72669fc0e96665b1b125dc1fda21f5993,naming,org.jboss.as.naming.NamingEventCoordinatorTestCase.testFireOneLevelEvent,victim,org.jboss.as.naming.WritableServiceBasedNamingStoreTestCase.testPermissions,https://github.com/wildfly/wildfly/pull/11833
wildfly/wildfly,b19048b72669fc0e96665b1b125dc1fda21f5993,naming,org.jboss.as.naming.NamingEventCoordinatorTestCase.testFireSubTreeEvent,victim,org.jboss.as.naming.WritableServiceBasedNamingStoreTestCase.testPermissions,https://github.com/wildfly/wildfly/pull/11833
wildfly/wildfly,b19048b72669fc0e96665b1b125dc1fda21f5993,naming,org.jboss.as.naming.ServiceBasedNamingStoreTestCase.testListBindings,victim,org.jboss.as.naming.WritableServiceBasedNamingStoreTestCase.testPermissions,https://github.com/wildfly/wildfly/pull/11833
wildfly/wildfly,b19048b72669fc0e96665b1b125dc1fda21f5993,naming,org.jboss.as.naming.ServiceBasedNamingStoreTestCase.testLookupBindingUsingNestedContext,victim,org.jboss.as.naming.WritableServiceBasedNamingStoreTestCase.testPermissions,https://github.com/wildfly/wildfly/pull/11833
wildfly/wildfly,b19048b72669fc0e96665b1b125dc1fda21f5993,naming,org.jboss.as.naming.ServiceBasedNamingStoreTestCase.testLookupBinding,victim,org.jboss.as.naming.WritableServiceBasedNamingStoreTestCase.testPermissions,https://github.com/wildfly/wildfly/pull/11833
wildfly/wildfly,b19048b72669fc0e96665b1b125dc1fda21f5993,naming,org.jboss.as.naming.ServiceBasedNamingStoreTestCase.testStoredContext,victim,org.jboss.as.naming.WritableServiceBasedNamingStoreTestCase.testPermissions,https://github.com/wildfly/wildfly/pull/11833
wildfly/wildfly,b19048b72669fc0e96665b1b125dc1fda21f5993,naming,org.jboss.as.naming.subsystem.NamingSubsystemTestCase.testCompositeBindingOps,victim,org.jboss.as.naming.WritableServiceBasedNamingStoreTestCase.testPermissions,https://github.com/wildfly/wildfly/pull/11833
wildfly/wildfly,b19048b72669fc0e96665b1b125dc1fda21f5993,naming,org.jboss.as.naming.subsystem.NamingSubsystemTestCase.testCompositeBindingUpdate,victim,org.jboss.as.naming.WritableServiceBasedNamingStoreTestCase.testPermissions,https://github.com/wildfly/wildfly/pull/11833
wildfly/wildfly,b19048b72669fc0e96665b1b125dc1fda21f5993,naming,org.jboss.as.naming.subsystem.NamingSubsystemTestCase.testOnlyExternalContextAllowsCache,victim,org.jboss.as.naming.WritableServiceBasedNamingStoreTestCase.testPermissions,https://github.com/wildfly/wildfly/pull/11833
wildfly/wildfly,b19048b72669fc0e96665b1b125dc1fda21f5993,naming,org.jboss.as.naming.subsystem.NamingSubsystemTestCase.testRejectionsEAP6,victim,org.jboss.as.naming.WritableServiceBasedNamingStoreTestCase.testPermissions,https://github.com/wildfly/wildfly/pull/11833
wildfly/wildfly,b19048b72669fc0e96665b1b125dc1fda21f5993,naming,org.jboss.as.naming.subsystem.NamingSubsystemTestCase.testRejectionsEAP7,victim,org.jboss.as.naming.WritableServiceBasedNamingStoreTestCase.testPermissions,https://github.com/wildfly/wildfly/pull/11833
wildfly/wildfly,b19048b72669fc0e96665b1b125dc1fda21f5993,naming,org.jboss.as.naming.subsystem.NamingSubsystemTestCase.testSubsystem,victim,org.jboss.as.naming.WritableServiceBasedNamingStoreTestCase.testPermissions,https://github.com/wildfly/wildfly/pull/11833
wildfly/wildfly,b19048b72669fc0e96665b1b125dc1fda21f5993,naming,org.jboss.as.naming.WritableServiceBasedNamingStoreTestCase.testBindNested,victim,org.jboss.as.naming.WritableServiceBasedNamingStoreTestCase.testPermissions,https://github.com/wildfly/wildfly/pull/11833
wildfly/wildfly,b19048b72669fc0e96665b1b125dc1fda21f5993,naming,org.jboss.as.naming.WritableServiceBasedNamingStoreTestCase.testBind,victim,org.jboss.as.naming.WritableServiceBasedNamingStoreTestCase.testPermissions,https://github.com/wildfly/wildfly/pull/11833
wildfly/wildfly,b19048b72669fc0e96665b1b125dc1fda21f5993,naming,org.jboss.as.naming.WritableServiceBasedNamingStoreTestCase.testPermissions,brittle,org.jboss.as.naming.InitialContextFactoryTestCase.testInitialFactory,https://github.com/wildfly/wildfly/pull/11833
wildfly/wildfly,b19048b72669fc0e96665b1b125dc1fda21f5993,naming,org.jboss.as.naming.WritableServiceBasedNamingStoreTestCase.testPermissions,brittle,org.jboss.as.naming.InitialContextFactoryTestCase.testJavaContext,https://github.com/wildfly/wildfly/pull/11833
wildfly/wildfly,b19048b72669fc0e96665b1b125dc1fda21f5993,naming,org.jboss.as.naming.WritableServiceBasedNamingStoreTestCase.testPermissions,brittle,org.jboss.as.naming.NamingContextTestCase.testCreateSubcontext,https://github.com/wildfly/wildfly/pull/11833
wildfly/wildfly,b19048b72669fc0e96665b1b125dc1fda21f5993,naming,org.jboss.as.naming.WritableServiceBasedNamingStoreTestCase.testPermissions,brittle,org.jboss.as.naming.NamingContextTestCase.testListBindingsWithContinuation,https://github.com/wildfly/wildfly/pull/11833
wildfly/wildfly,b19048b72669fc0e96665b1b125dc1fda21f5993,naming,org.jboss.as.naming.WritableServiceBasedNamingStoreTestCase.testPermissions,brittle,org.jboss.as.naming.NamingContextTestCase.testListWithContinuation,https://github.com/wildfly/wildfly/pull/11833
wildfly/wildfly,b19048b72669fc0e96665b1b125dc1fda21f5993,naming,org.jboss.as.naming.WritableServiceBasedNamingStoreTestCase.testPermissions,brittle,org.jboss.as.naming.NamingContextTestCase.testRebindReferenceable,https://github.com/wildfly/wildfly/pull/11833
wildfly/wildfly,b19048b72669fc0e96665b1b125dc1fda21f5993,naming,org.jboss.as.naming.WritableServiceBasedNamingStoreTestCase.testPermissions,brittle,org.jboss.as.naming.NamingEventCoordinatorTestCase.testFireAllEvent,https://github.com/wildfly/wildfly/pull/11833
wildfly/wildfly,b19048b72669fc0e96665b1b125dc1fda21f5993,naming,org.jboss.as.naming.WritableServiceBasedNamingStoreTestCase.testPermissions,brittle,org.jboss.as.naming.NamingEventCoordinatorTestCase.testFireMultiLevelEvent,https://github.com/wildfly/wildfly/pull/11833
wildfly/wildfly,b19048b72669fc0e96665b1b125dc1fda21f5993,naming,org.jboss.as.naming.WritableServiceBasedNamingStoreTestCase.testPermissions,brittle,org.jboss.as.naming.NamingEventCoordinatorTestCase.testFireObjectEvent,https://github.com/wildfly/wildfly/pull/11833
wildfly/wildfly,b19048b72669fc0e96665b1b125dc1fda21f5993,naming,org.jboss.as.naming.WritableServiceBasedNamingStoreTestCase.testPermissions,brittle,org.jboss.as.naming.NamingEventCoordinatorTestCase.testFireOneLevelEvent,https://github.com/wildfly/wildfly/pull/11833
wildfly/wildfly,b19048b72669fc0e96665b1b125dc1fda21f5993,naming,org.jboss.as.naming.WritableServiceBasedNamingStoreTestCase.testPermissions,brittle,org.jboss.as.naming.NamingEventCoordinatorTestCase.testFireSubTreeEvent,https://github.com/wildfly/wildfly/pull/11833
wildfly/wildfly,b19048b72669fc0e96665b1b125dc1fda21f5993,naming,org.jboss.as.naming.WritableServiceBasedNamingStoreTestCase.testPermissions,brittle,org.jboss.as.naming.ObjectFactoryTestCase.testBindAndRetrieveObjectFactoryFromInitialContext,https://github.com/wildfly/wildfly/pull/11833
wildfly/wildfly,b19048b72669fc0e96665b1b125dc1fda21f5993,naming,org.jboss.as.naming.WritableServiceBasedNamingStoreTestCase.testPermissions,brittle,org.jboss.as.naming.ObjectFactoryTestCase.testBindAndRetrieveObjectFactoryFromNamingContext,https://github.com/wildfly/wildfly/pull/11833
wildfly/wildfly,b19048b72669fc0e96665b1b125dc1fda21f5993,naming,org.jboss.as.naming.WritableServiceBasedNamingStoreTestCase.testPermissions,brittle,org.jboss.as.naming.ServiceBasedNamingStoreTestCase.testListBindings,https://github.com/wildfly/wildfly/pull/11833
wildfly/wildfly,b19048b72669fc0e96665b1b125dc1fda21f5993,naming,org.jboss.as.naming.WritableServiceBasedNamingStoreTestCase.testPermissions,brittle,org.jboss.as.naming.ServiceBasedNamingStoreTestCase.testLookupBinding,https://github.com/wildfly/wildfly/pull/11833
wildfly/wildfly,b19048b72669fc0e96665b1b125dc1fda21f5993,naming,org.jboss.as.naming.WritableServiceBasedNamingStoreTestCase.testPermissions,brittle,org.jboss.as.naming.ServiceBasedNamingStoreTestCase.testLookupBindingUsingNestedContext,https://github.com/wildfly/wildfly/pull/11833
wildfly/wildfly,b19048b72669fc0e96665b1b125dc1fda21f5993,naming,org.jboss.as.naming.WritableServiceBasedNamingStoreTestCase.testPermissions,brittle,org.jboss.as.naming.ServiceBasedNamingStoreTestCase.testStoredContext,https://github.com/wildfly/wildfly/pull/11833
wildfly/wildfly,b19048b72669fc0e96665b1b125dc1fda21f5993,naming,org.jboss.as.naming.WritableServiceBasedNamingStoreTestCase.testPermissions,brittle,org.jboss.as.naming.WritableServiceBasedNamingStoreTestCase.testBind,https://github.com/wildfly/wildfly/pull/11833
wildfly/wildfly,b19048b72669fc0e96665b1b125dc1fda21f5993,naming,org.jboss.as.naming.WritableServiceBasedNamingStoreTestCase.testPermissions,brittle,org.jboss.as.naming.WritableServiceBasedNamingStoreTestCase.testBindNested,https://github.com/wildfly/wildfly/pull/11833
wildfly/wildfly,b19048b72669fc0e96665b1b125dc1fda21f5993,naming,org.jboss.as.naming.WritableServiceBasedNamingStoreTestCase.testPermissions,brittle,org.jboss.as.naming.WritableServiceBasedNamingStoreTestCase.testRebind,https://github.com/wildfly/wildfly/pull/11833
wildfly/wildfly,b19048b72669fc0e96665b1b125dc1fda21f5993,naming,org.jboss.as.naming.WritableServiceBasedNamingStoreTestCase.testRebind,victim,org.jboss.as.naming.WritableServiceBasedNamingStoreTestCase.testPermissions,https://github.com/wildfly/wildfly/pull/11833
