Project URL,SHA Detected,Module Path,Fully-Qualified OD Test(Victim/Brittle) Name(packageName.ClassName.methodName),Fully-Qualified ODR Test(Polluter/State-Setter) Name,Fully-Qualified ODR(Cleaner) Test Name,OD Type,PR Link
https://github.com/apache/dubbo,737f7a7ea67832d7f17517326fb2491d0a086dd7,dubbo-rpc/dubbo-rpc-dubbo,org.apache.dubbo.rpc.protocol.dubbo.DubboProtocolTest.testDubboProtocolWithMina,org.apache.dubbo.rpc.protocol.dubbo.RpcFilterTest.testRpcFilter,,brittle,https://github.com/apache/dubbo/pull/2797
https://github.com/apache/dubbo,737f7a7ea67832d7f17517326fb2491d0a086dd7,dubbo-rpc/dubbo-rpc-dubbo,org.apache.dubbo.rpc.protocol.dubbo.DubboProtocolTest.testDubboProtocolWithMina,org.apache.dubbo.rpc.protocol.dubbo.DubboProtocolTest.testDubboProtocolMultiService,,brittle,https://github.com/apache/dubbo/pull/2797
https://github.com/wikidata/wikidata-toolkit,20de6f7f12319f54eb962ff6e8357b3f5695d54d,wdtk-dumpfiles,org.wikidata.wdtk.dumpfiles.MwDumpFileProcessingTest.testMwRecentCurrentDumpFileProcessing,org.wikidata.wdtk.dumpfiles.wmf.WmfDumpFileManagerTest.processAllRelevantDumps,,brittle,https://github.com/Wikidata/Wikidata-Toolkit/pull/484
https://github.com/wikidata/wikidata-toolkit,20de6f7f12319f54eb962ff6e8357b3f5695d54d,wdtk-dumpfiles,org.wikidata.wdtk.dumpfiles.MwDumpFileProcessingTest.testMwRecentCurrentDumpFileProcessing,org.wikidata.wdtk.dumpfiles.wmf.WmfLocalDumpFileTest.directoryNotReadable,,brittle,https://github.com/Wikidata/Wikidata-Toolkit/pull/484
https://github.com/wikidata/wikidata-toolkit,20de6f7f12319f54eb962ff6e8357b3f5695d54d,wdtk-dumpfiles,org.wikidata.wdtk.dumpfiles.MwDumpFileProcessingTest.testMwRecentCurrentDumpFileProcessing,org.wikidata.wdtk.dumpfiles.wmf.WmfOnlineStandardDumpFileTest.inaccessibleCurrentDumpProperties,,brittle,https://github.com/Wikidata/Wikidata-Toolkit/pull/484
https://github.com/wikidata/wikidata-toolkit,20de6f7f12319f54eb962ff6e8357b3f5695d54d,wdtk-dumpfiles,org.wikidata.wdtk.dumpfiles.MwDumpFileProcessingTest.testMwRecentCurrentDumpFileProcessing,org.wikidata.wdtk.dumpfiles.JsonDumpFileProcessingTest.testNonTimeout,,brittle,https://github.com/Wikidata/Wikidata-Toolkit/pull/484
https://github.com/wikidata/wikidata-toolkit,20de6f7f12319f54eb962ff6e8357b3f5695d54d,wdtk-dumpfiles,org.wikidata.wdtk.dumpfiles.MwDumpFileProcessingTest.testMwRecentCurrentDumpFileProcessing,org.wikidata.wdtk.dumpfiles.wmf.WmfOnlineStandardDumpFileTest.validCurrentDumpPropertiesNewFormat,,brittle,https://github.com/Wikidata/Wikidata-Toolkit/pull/484
https://github.com/wikidata/wikidata-toolkit,20de6f7f12319f54eb962ff6e8357b3f5695d54d,wdtk-dumpfiles,org.wikidata.wdtk.dumpfiles.MwDumpFileProcessingTest.testMwRecentCurrentDumpFileProcessing,org.wikidata.wdtk.dumpfiles.wmf.WmfDumpFileManagerTest.getAllRelevantDumpsMainDumpMissing,,brittle,https://github.com/Wikidata/Wikidata-Toolkit/pull/484
https://github.com/wikidata/wikidata-toolkit,20de6f7f12319f54eb962ff6e8357b3f5695d54d,wdtk-dumpfiles,org.wikidata.wdtk.dumpfiles.MwDumpFileProcessingTest.testMwRecentCurrentDumpFileProcessing,org.wikidata.wdtk.dumpfiles.wmf.WmfOnlineStandardDumpFileTest.downloadNoRevisionId,,brittle,https://github.com/Wikidata/Wikidata-Toolkit/pull/484
https://github.com/wikidata/wikidata-toolkit,20de6f7f12319f54eb962ff6e8357b3f5695d54d,wdtk-dumpfiles,org.wikidata.wdtk.dumpfiles.MwDumpFileProcessingTest.testMwRecentCurrentDumpFileProcessing,org.wikidata.wdtk.dumpfiles.SitesTest.getSiteInformation,,brittle,https://github.com/Wikidata/Wikidata-Toolkit/pull/484
https://github.com/wikidata/wikidata-toolkit,20de6f7f12319f54eb962ff6e8357b3f5695d54d,wdtk-dumpfiles,org.wikidata.wdtk.dumpfiles.MwDumpFileProcessingTest.testMwRecentCurrentDumpFileProcessing,org.wikidata.wdtk.dumpfiles.wmf.WmfOnlineStandardDumpFileTest.validCurrentDumpPropertiesOldFormat,,brittle,https://github.com/Wikidata/Wikidata-Toolkit/pull/484
https://github.com/wikidata/wikidata-toolkit,20de6f7f12319f54eb962ff6e8357b3f5695d54d,wdtk-dumpfiles,org.wikidata.wdtk.dumpfiles.MwDumpFileProcessingTest.testMwRecentCurrentDumpFileProcessing,org.wikidata.wdtk.dumpfiles.wmf.WmfDumpFileManagerTest.getAllCurrentDumps,,brittle,https://github.com/Wikidata/Wikidata-Toolkit/pull/484
https://github.com/wikidata/wikidata-toolkit,20de6f7f12319f54eb962ff6e8357b3f5695d54d,wdtk-dumpfiles,org.wikidata.wdtk.dumpfiles.MwDumpFileProcessingTest.testMwRecentCurrentDumpFileProcessing,org.wikidata.wdtk.dumpfiles.wmf.WmfOnlineDailyDumpFileTest.downloadNoRevisionId,,brittle,https://github.com/Wikidata/Wikidata-Toolkit/pull/484
https://github.com/wikidata/wikidata-toolkit,20de6f7f12319f54eb962ff6e8357b3f5695d54d,wdtk-dumpfiles,org.wikidata.wdtk.dumpfiles.MwDumpFileProcessingTest.testMwRecentCurrentDumpFileProcessing,org.wikidata.wdtk.dumpfiles.wmf.WmfLocalDumpFileTest.missingDumpFile,,brittle,https://github.com/Wikidata/Wikidata-Toolkit/pull/484
https://github.com/wikidata/wikidata-toolkit,20de6f7f12319f54eb962ff6e8357b3f5695d54d,wdtk-dumpfiles,org.wikidata.wdtk.dumpfiles.MwDumpFileProcessingTest.testMwRecentCurrentDumpFileProcessing,org.wikidata.wdtk.dumpfiles.wmf.WmfDumpFileManagerTest.getAllFullDumps,,brittle,https://github.com/Wikidata/Wikidata-Toolkit/pull/484
https://github.com/wikidata/wikidata-toolkit,20de6f7f12319f54eb962ff6e8357b3f5695d54d,wdtk-dumpfiles,org.wikidata.wdtk.dumpfiles.MwDumpFileProcessingTest.testMwRecentCurrentDumpFileProcessing,org.wikidata.wdtk.dumpfiles.JsonDumpFileProcessingTest.testBuggyJsonProcessing,,brittle,https://github.com/Wikidata/Wikidata-Toolkit/pull/484
https://github.com/wikidata/wikidata-toolkit,20de6f7f12319f54eb962ff6e8357b3f5695d54d,wdtk-dumpfiles,org.wikidata.wdtk.dumpfiles.MwDumpFileProcessingTest.testMwRecentCurrentDumpFileProcessing,org.wikidata.wdtk.dumpfiles.wmf.WmfLocalDumpFileTest.directoryDoesNotExist,,brittle,https://github.com/Wikidata/Wikidata-Toolkit/pull/484
https://github.com/wikidata/wikidata-toolkit,20de6f7f12319f54eb962ff6e8357b3f5695d54d,wdtk-dumpfiles,org.wikidata.wdtk.dumpfiles.MwDumpFileProcessingTest.testMwRecentCurrentDumpFileProcessing,org.wikidata.wdtk.dumpfiles.wmf.WmfOnlineStandardDumpFileTest.missingFullDumpProperties,,brittle,https://github.com/Wikidata/Wikidata-Toolkit/pull/484
https://github.com/wikidata/wikidata-toolkit,20de6f7f12319f54eb962ff6e8357b3f5695d54d,wdtk-dumpfiles,org.wikidata.wdtk.dumpfiles.MwDumpFileProcessingTest.testMwRecentCurrentDumpFileProcessing,org.wikidata.wdtk.dumpfiles.wmf.WmfDumpFileManagerTest.getAllDailyDumpsOffline,,brittle,https://github.com/Wikidata/Wikidata-Toolkit/pull/484
https://github.com/wikidata/wikidata-toolkit,20de6f7f12319f54eb962ff6e8357b3f5695d54d,wdtk-dumpfiles,org.wikidata.wdtk.dumpfiles.MwDumpFileProcessingTest.testMwRecentCurrentDumpFileProcessing,org.wikidata.wdtk.dumpfiles.wmf.WmfDumpFileManagerTest.getAllCurrentDumpsOffline,,brittle,https://github.com/Wikidata/Wikidata-Toolkit/pull/484
https://github.com/wikidata/wikidata-toolkit,20de6f7f12319f54eb962ff6e8357b3f5695d54d,wdtk-dumpfiles,org.wikidata.wdtk.dumpfiles.MwDumpFileProcessingTest.testMwRecentCurrentDumpFileProcessing,org.wikidata.wdtk.dumpfiles.wmf.WmfOnlineDailyDumpFileTest.inaccessibleStatus,,brittle,https://github.com/Wikidata/Wikidata-Toolkit/pull/484
https://github.com/wikidata/wikidata-toolkit,20de6f7f12319f54eb962ff6e8357b3f5695d54d,wdtk-dumpfiles,org.wikidata.wdtk.dumpfiles.MwDumpFileProcessingTest.testMwRecentCurrentDumpFileProcessing,org.wikidata.wdtk.dumpfiles.wmf.WmfOnlineDailyDumpFileTest.downloadNoDumpFile,,brittle,https://github.com/Wikidata/Wikidata-Toolkit/pull/484
https://github.com/wikidata/wikidata-toolkit,20de6f7f12319f54eb962ff6e8357b3f5695d54d,wdtk-dumpfiles,org.wikidata.wdtk.dumpfiles.MwDumpFileProcessingTest.testMwRecentCurrentDumpFileProcessing,org.wikidata.wdtk.dumpfiles.wmf.WmfDumpFileManagerTest.getAllFullDumpsOffline,,brittle,https://github.com/Wikidata/Wikidata-Toolkit/pull/484
https://github.com/wikidata/wikidata-toolkit,20de6f7f12319f54eb962ff6e8357b3f5695d54d,wdtk-dumpfiles,org.wikidata.wdtk.dumpfiles.MwDumpFileProcessingTest.testMwRecentCurrentDumpFileProcessing,org.wikidata.wdtk.dumpfiles.MwDumpFileProcessingTest.testMwRecentFullDumpFileProcessing,,brittle,https://github.com/Wikidata/Wikidata-Toolkit/pull/484
https://github.com/wikidata/wikidata-toolkit,20de6f7f12319f54eb962ff6e8357b3f5695d54d,wdtk-dumpfiles,org.wikidata.wdtk.dumpfiles.MwDumpFileProcessingTest.testMwRecentCurrentDumpFileProcessing,org.wikidata.wdtk.dumpfiles.JsonDumpFileProcessingTest.testRegularJsonProcessing,,brittle,https://github.com/Wikidata/Wikidata-Toolkit/pull/484
https://github.com/wikidata/wikidata-toolkit,20de6f7f12319f54eb962ff6e8357b3f5695d54d,wdtk-dumpfiles,org.wikidata.wdtk.dumpfiles.MwDumpFileProcessingTest.testMwRecentCurrentDumpFileProcessing,org.wikidata.wdtk.dumpfiles.wmf.WmfOnlineStandardDumpFileTest.downloadNoDumpFile,,brittle,https://github.com/Wikidata/Wikidata-Toolkit/pull/484
https://github.com/wikidata/wikidata-toolkit,20de6f7f12319f54eb962ff6e8357b3f5695d54d,wdtk-dumpfiles,org.wikidata.wdtk.dumpfiles.MwDumpFileProcessingTest.testMwRecentCurrentDumpFileProcessing,org.wikidata.wdtk.dumpfiles.wmf.WmfOnlineDailyDumpFileTest.emptyDumpProperties,,brittle,https://github.com/Wikidata/Wikidata-Toolkit/pull/484
https://github.com/wikidata/wikidata-toolkit,20de6f7f12319f54eb962ff6e8357b3f5695d54d,wdtk-dumpfiles,org.wikidata.wdtk.dumpfiles.MwDumpFileProcessingTest.testMwRecentCurrentDumpFileProcessing,org.wikidata.wdtk.dumpfiles.wmf.WmfOnlineDailyDumpFileTest.missingDumpProperties,,brittle,https://github.com/Wikidata/Wikidata-Toolkit/pull/484
https://github.com/wikidata/wikidata-toolkit,20de6f7f12319f54eb962ff6e8357b3f5695d54d,wdtk-dumpfiles,org.wikidata.wdtk.dumpfiles.MwDumpFileProcessingTest.testMwRecentCurrentDumpFileProcessing,org.wikidata.wdtk.dumpfiles.wmf.WmfOnlineStandardDumpFileTest.downloadNoMd5sum,,brittle,https://github.com/Wikidata/Wikidata-Toolkit/pull/484
https://github.com/wikidata/wikidata-toolkit,20de6f7f12319f54eb962ff6e8357b3f5695d54d,wdtk-dumpfiles,org.wikidata.wdtk.dumpfiles.MwDumpFileProcessingTest.testMwRecentCurrentDumpFileProcessing,org.wikidata.wdtk.dumpfiles.wmf.WmfOnlineDailyDumpFileTest.validDumpProperties,,brittle,https://github.com/Wikidata/Wikidata-Toolkit/pull/484
https://github.com/wikidata/wikidata-toolkit,20de6f7f12319f54eb962ff6e8357b3f5695d54d,wdtk-dumpfiles,org.wikidata.wdtk.dumpfiles.MwDumpFileProcessingTest.testMwRecentCurrentDumpFileProcessing,org.wikidata.wdtk.dumpfiles.wmf.WmfDumpFileManagerTest.getAllDailyDumps,,brittle,https://github.com/Wikidata/Wikidata-Toolkit/pull/484
https://github.com/wikidata/wikidata-toolkit,20de6f7f12319f54eb962ff6e8357b3f5695d54d,wdtk-dumpfiles,org.wikidata.wdtk.dumpfiles.MwDumpFileProcessingTest.testMwRecentCurrentDumpFileProcessing,org.wikidata.wdtk.dumpfiles.wmf.WmfOnlineStandardDumpFileTest.emptyFullDumpIsDone,,brittle,https://github.com/Wikidata/Wikidata-Toolkit/pull/484
https://github.com/wikidata/wikidata-toolkit,20de6f7f12319f54eb962ff6e8357b3f5695d54d,wdtk-dumpfiles,org.wikidata.wdtk.dumpfiles.MwDumpFileProcessingTest.testMwRecentCurrentDumpFileProcessing,org.wikidata.wdtk.dumpfiles.wmf.WmfDumpFileManagerTest.getAllRelevantDumps,,brittle,https://github.com/Wikidata/Wikidata-Toolkit/pull/484
https://github.com/wikidata/wikidata-toolkit,20de6f7f12319f54eb962ff6e8357b3f5695d54d,wdtk-dumpfiles,org.wikidata.wdtk.dumpfiles.MwDumpFileProcessingTest.testMwDailyDumpFileProcessing,org.wikidata.wdtk.dumpfiles.wmf.WmfDumpFileManagerTest.processAllRelevantDumps,,brittle,https://github.com/Wikidata/Wikidata-Toolkit/pull/480
https://github.com/wikidata/wikidata-toolkit,20de6f7f12319f54eb962ff6e8357b3f5695d54d,wdtk-dumpfiles,org.wikidata.wdtk.dumpfiles.MwDumpFileProcessingTest.testMwDailyDumpFileProcessing,org.wikidata.wdtk.dumpfiles.wmf.WmfLocalDumpFileTest.directoryNotReadable,,brittle,https://github.com/Wikidata/Wikidata-Toolkit/pull/480
https://github.com/wikidata/wikidata-toolkit,20de6f7f12319f54eb962ff6e8357b3f5695d54d,wdtk-dumpfiles,org.wikidata.wdtk.dumpfiles.MwDumpFileProcessingTest.testMwDailyDumpFileProcessing,org.wikidata.wdtk.dumpfiles.wmf.WmfOnlineStandardDumpFileTest.inaccessibleCurrentDumpProperties,,brittle,https://github.com/Wikidata/Wikidata-Toolkit/pull/480
https://github.com/wikidata/wikidata-toolkit,20de6f7f12319f54eb962ff6e8357b3f5695d54d,wdtk-dumpfiles,org.wikidata.wdtk.dumpfiles.MwDumpFileProcessingTest.testMwDailyDumpFileProcessing,org.wikidata.wdtk.dumpfiles.wmf.WmfOnlineStandardDumpFileTest.validCurrentDumpPropertiesNewFormat,,brittle,https://github.com/Wikidata/Wikidata-Toolkit/pull/480
https://github.com/wikidata/wikidata-toolkit,20de6f7f12319f54eb962ff6e8357b3f5695d54d,wdtk-dumpfiles,org.wikidata.wdtk.dumpfiles.MwDumpFileProcessingTest.testMwDailyDumpFileProcessing,org.wikidata.wdtk.dumpfiles.wmf.WmfDumpFileManagerTest.getAllRelevantDumpsMainDumpMissing,,brittle,https://github.com/Wikidata/Wikidata-Toolkit/pull/480
https://github.com/wikidata/wikidata-toolkit,20de6f7f12319f54eb962ff6e8357b3f5695d54d,wdtk-dumpfiles,org.wikidata.wdtk.dumpfiles.MwDumpFileProcessingTest.testMwDailyDumpFileProcessing,org.wikidata.wdtk.dumpfiles.wmf.WmfOnlineStandardDumpFileTest.downloadNoRevisionId,,brittle,https://github.com/Wikidata/Wikidata-Toolkit/pull/480
https://github.com/wikidata/wikidata-toolkit,20de6f7f12319f54eb962ff6e8357b3f5695d54d,wdtk-dumpfiles,org.wikidata.wdtk.dumpfiles.MwDumpFileProcessingTest.testMwDailyDumpFileProcessing,org.wikidata.wdtk.dumpfiles.SitesTest.getSiteInformation,,brittle,https://github.com/Wikidata/Wikidata-Toolkit/pull/480
https://github.com/wikidata/wikidata-toolkit,20de6f7f12319f54eb962ff6e8357b3f5695d54d,wdtk-dumpfiles,org.wikidata.wdtk.dumpfiles.MwDumpFileProcessingTest.testMwDailyDumpFileProcessing,org.wikidata.wdtk.dumpfiles.wmf.WmfOnlineStandardDumpFileTest.validCurrentDumpPropertiesOldFormat,,brittle,https://github.com/Wikidata/Wikidata-Toolkit/pull/480
https://github.com/wikidata/wikidata-toolkit,20de6f7f12319f54eb962ff6e8357b3f5695d54d,wdtk-dumpfiles,org.wikidata.wdtk.dumpfiles.MwDumpFileProcessingTest.testMwDailyDumpFileProcessing,org.wikidata.wdtk.dumpfiles.wmf.WmfDumpFileManagerTest.getAllCurrentDumps,,brittle,https://github.com/Wikidata/Wikidata-Toolkit/pull/480
https://github.com/wikidata/wikidata-toolkit,20de6f7f12319f54eb962ff6e8357b3f5695d54d,wdtk-dumpfiles,org.wikidata.wdtk.dumpfiles.MwDumpFileProcessingTest.testMwDailyDumpFileProcessing,org.wikidata.wdtk.dumpfiles.wmf.WmfOnlineDailyDumpFileTest.downloadNoRevisionId,,brittle,https://github.com/Wikidata/Wikidata-Toolkit/pull/480
https://github.com/wikidata/wikidata-toolkit,20de6f7f12319f54eb962ff6e8357b3f5695d54d,wdtk-dumpfiles,org.wikidata.wdtk.dumpfiles.MwDumpFileProcessingTest.testMwDailyDumpFileProcessing,org.wikidata.wdtk.dumpfiles.wmf.WmfLocalDumpFileTest.missingDumpFile,,brittle,https://github.com/Wikidata/Wikidata-Toolkit/pull/480
https://github.com/wikidata/wikidata-toolkit,20de6f7f12319f54eb962ff6e8357b3f5695d54d,wdtk-dumpfiles,org.wikidata.wdtk.dumpfiles.MwDumpFileProcessingTest.testMwDailyDumpFileProcessing,org.wikidata.wdtk.dumpfiles.wmf.WmfDumpFileManagerTest.getAllFullDumps,,brittle,https://github.com/Wikidata/Wikidata-Toolkit/pull/480
https://github.com/wikidata/wikidata-toolkit,20de6f7f12319f54eb962ff6e8357b3f5695d54d,wdtk-dumpfiles,org.wikidata.wdtk.dumpfiles.MwDumpFileProcessingTest.testMwDailyDumpFileProcessing,org.wikidata.wdtk.dumpfiles.wmf.WmfLocalDumpFileTest.directoryDoesNotExist,,brittle,https://github.com/Wikidata/Wikidata-Toolkit/pull/480
https://github.com/wikidata/wikidata-toolkit,20de6f7f12319f54eb962ff6e8357b3f5695d54d,wdtk-dumpfiles,org.wikidata.wdtk.dumpfiles.MwDumpFileProcessingTest.testMwDailyDumpFileProcessing,org.wikidata.wdtk.dumpfiles.wmf.WmfOnlineStandardDumpFileTest.missingFullDumpProperties,,brittle,https://github.com/Wikidata/Wikidata-Toolkit/pull/480
https://github.com/wikidata/wikidata-toolkit,20de6f7f12319f54eb962ff6e8357b3f5695d54d,wdtk-dumpfiles,org.wikidata.wdtk.dumpfiles.MwDumpFileProcessingTest.testMwDailyDumpFileProcessing,org.wikidata.wdtk.dumpfiles.wmf.WmfDumpFileManagerTest.getAllDailyDumpsOffline,,brittle,https://github.com/Wikidata/Wikidata-Toolkit/pull/480
https://github.com/wikidata/wikidata-toolkit,20de6f7f12319f54eb962ff6e8357b3f5695d54d,wdtk-dumpfiles,org.wikidata.wdtk.dumpfiles.MwDumpFileProcessingTest.testMwDailyDumpFileProcessing,org.wikidata.wdtk.dumpfiles.wmf.WmfDumpFileManagerTest.getAllCurrentDumpsOffline,,brittle,https://github.com/Wikidata/Wikidata-Toolkit/pull/480
https://github.com/wikidata/wikidata-toolkit,20de6f7f12319f54eb962ff6e8357b3f5695d54d,wdtk-dumpfiles,org.wikidata.wdtk.dumpfiles.MwDumpFileProcessingTest.testMwDailyDumpFileProcessing,org.wikidata.wdtk.dumpfiles.wmf.WmfOnlineDailyDumpFileTest.inaccessibleStatus,,brittle,https://github.com/Wikidata/Wikidata-Toolkit/pull/480
https://github.com/wikidata/wikidata-toolkit,20de6f7f12319f54eb962ff6e8357b3f5695d54d,wdtk-dumpfiles,org.wikidata.wdtk.dumpfiles.MwDumpFileProcessingTest.testMwDailyDumpFileProcessing,org.wikidata.wdtk.dumpfiles.wmf.WmfOnlineDailyDumpFileTest.downloadNoDumpFile,,brittle,https://github.com/Wikidata/Wikidata-Toolkit/pull/480
https://github.com/wikidata/wikidata-toolkit,20de6f7f12319f54eb962ff6e8357b3f5695d54d,wdtk-dumpfiles,org.wikidata.wdtk.dumpfiles.MwDumpFileProcessingTest.testMwDailyDumpFileProcessing,org.wikidata.wdtk.dumpfiles.wmf.WmfDumpFileManagerTest.getAllFullDumpsOffline,,brittle,https://github.com/Wikidata/Wikidata-Toolkit/pull/480
https://github.com/wikidata/wikidata-toolkit,20de6f7f12319f54eb962ff6e8357b3f5695d54d,wdtk-dumpfiles,org.wikidata.wdtk.dumpfiles.MwDumpFileProcessingTest.testMwDailyDumpFileProcessing,org.wikidata.wdtk.dumpfiles.MwDumpFileProcessingTest.testMwRecentFullDumpFileProcessing,,brittle,https://github.com/Wikidata/Wikidata-Toolkit/pull/480
https://github.com/wikidata/wikidata-toolkit,20de6f7f12319f54eb962ff6e8357b3f5695d54d,wdtk-dumpfiles,org.wikidata.wdtk.dumpfiles.MwDumpFileProcessingTest.testMwDailyDumpFileProcessing,org.wikidata.wdtk.dumpfiles.wmf.WmfOnlineStandardDumpFileTest.downloadNoDumpFile,,brittle,https://github.com/Wikidata/Wikidata-Toolkit/pull/480
https://github.com/wikidata/wikidata-toolkit,20de6f7f12319f54eb962ff6e8357b3f5695d54d,wdtk-dumpfiles,org.wikidata.wdtk.dumpfiles.MwDumpFileProcessingTest.testMwDailyDumpFileProcessing,org.wikidata.wdtk.dumpfiles.wmf.WmfOnlineDailyDumpFileTest.emptyDumpProperties,,brittle,https://github.com/Wikidata/Wikidata-Toolkit/pull/480
https://github.com/wikidata/wikidata-toolkit,20de6f7f12319f54eb962ff6e8357b3f5695d54d,wdtk-dumpfiles,org.wikidata.wdtk.dumpfiles.MwDumpFileProcessingTest.testMwDailyDumpFileProcessing,org.wikidata.wdtk.dumpfiles.wmf.WmfOnlineDailyDumpFileTest.missingDumpProperties,,brittle,https://github.com/Wikidata/Wikidata-Toolkit/pull/480
https://github.com/wikidata/wikidata-toolkit,20de6f7f12319f54eb962ff6e8357b3f5695d54d,wdtk-dumpfiles,org.wikidata.wdtk.dumpfiles.MwDumpFileProcessingTest.testMwDailyDumpFileProcessing,org.wikidata.wdtk.dumpfiles.wmf.WmfOnlineStandardDumpFileTest.downloadNoMd5sum,,brittle,https://github.com/Wikidata/Wikidata-Toolkit/pull/480
https://github.com/wikidata/wikidata-toolkit,20de6f7f12319f54eb962ff6e8357b3f5695d54d,wdtk-dumpfiles,org.wikidata.wdtk.dumpfiles.MwDumpFileProcessingTest.testMwDailyDumpFileProcessing,org.wikidata.wdtk.dumpfiles.wmf.WmfOnlineDailyDumpFileTest.validDumpProperties,,brittle,https://github.com/Wikidata/Wikidata-Toolkit/pull/480
https://github.com/wikidata/wikidata-toolkit,20de6f7f12319f54eb962ff6e8357b3f5695d54d,wdtk-dumpfiles,org.wikidata.wdtk.dumpfiles.MwDumpFileProcessingTest.testMwDailyDumpFileProcessing,org.wikidata.wdtk.dumpfiles.wmf.WmfDumpFileManagerTest.getAllDailyDumps,,brittle,https://github.com/Wikidata/Wikidata-Toolkit/pull/480
https://github.com/wikidata/wikidata-toolkit,20de6f7f12319f54eb962ff6e8357b3f5695d54d,wdtk-dumpfiles,org.wikidata.wdtk.dumpfiles.MwDumpFileProcessingTest.testMwDailyDumpFileProcessing,org.wikidata.wdtk.dumpfiles.wmf.WmfOnlineStandardDumpFileTest.emptyFullDumpIsDone,,brittle,https://github.com/Wikidata/Wikidata-Toolkit/pull/480
https://github.com/wikidata/wikidata-toolkit,20de6f7f12319f54eb962ff6e8357b3f5695d54d,wdtk-dumpfiles,org.wikidata.wdtk.dumpfiles.MwDumpFileProcessingTest.testMwDailyDumpFileProcessing,org.wikidata.wdtk.dumpfiles.wmf.WmfDumpFileManagerTest.getAllRelevantDumps,,brittle,https://github.com/Wikidata/Wikidata-Toolkit/pull/480
https://github.com/wikidata/wikidata-toolkit,20de6f7f12319f54eb962ff6e8357b3f5695d54d,wdtk-dumpfiles,org.wikidata.wdtk.dumpfiles.MwDumpFileProcessingTest.testMwMostRecentFullDumpFileProcessing,org.wikidata.wdtk.dumpfiles.wmf.WmfDumpFileManagerTest.processAllRelevantDumps,,brittle,https://github.com/Wikidata/Wikidata-Toolkit/pull/484
https://github.com/wikidata/wikidata-toolkit,20de6f7f12319f54eb962ff6e8357b3f5695d54d,wdtk-dumpfiles,org.wikidata.wdtk.dumpfiles.MwDumpFileProcessingTest.testMwMostRecentFullDumpFileProcessing,org.wikidata.wdtk.dumpfiles.wmf.WmfLocalDumpFileTest.directoryNotReadable,,brittle,https://github.com/Wikidata/Wikidata-Toolkit/pull/484
https://github.com/wikidata/wikidata-toolkit,20de6f7f12319f54eb962ff6e8357b3f5695d54d,wdtk-dumpfiles,org.wikidata.wdtk.dumpfiles.MwDumpFileProcessingTest.testMwMostRecentFullDumpFileProcessing,org.wikidata.wdtk.dumpfiles.wmf.WmfDumpFileManagerTest.getAllJsonDumps,,brittle,https://github.com/Wikidata/Wikidata-Toolkit/pull/484
https://github.com/wikidata/wikidata-toolkit,20de6f7f12319f54eb962ff6e8357b3f5695d54d,wdtk-dumpfiles,org.wikidata.wdtk.dumpfiles.MwDumpFileProcessingTest.testMwMostRecentFullDumpFileProcessing,org.wikidata.wdtk.dumpfiles.wmf.WmfOnlineStandardDumpFileTest.inaccessibleCurrentDumpProperties,,brittle,https://github.com/Wikidata/Wikidata-Toolkit/pull/484
https://github.com/wikidata/wikidata-toolkit,20de6f7f12319f54eb962ff6e8357b3f5695d54d,wdtk-dumpfiles,org.wikidata.wdtk.dumpfiles.MwDumpFileProcessingTest.testMwMostRecentFullDumpFileProcessing,org.wikidata.wdtk.dumpfiles.JsonDumpFileProcessingTest.testNonTimeout,,brittle,https://github.com/Wikidata/Wikidata-Toolkit/pull/484
https://github.com/wikidata/wikidata-toolkit,20de6f7f12319f54eb962ff6e8357b3f5695d54d,wdtk-dumpfiles,org.wikidata.wdtk.dumpfiles.MwDumpFileProcessingTest.testMwMostRecentFullDumpFileProcessing,org.wikidata.wdtk.dumpfiles.wmf.WmfOnlineStandardDumpFileTest.validCurrentDumpPropertiesNewFormat,,brittle,https://github.com/Wikidata/Wikidata-Toolkit/pull/484
https://github.com/wikidata/wikidata-toolkit,20de6f7f12319f54eb962ff6e8357b3f5695d54d,wdtk-dumpfiles,org.wikidata.wdtk.dumpfiles.MwDumpFileProcessingTest.testMwMostRecentFullDumpFileProcessing,org.wikidata.wdtk.dumpfiles.wmf.WmfDumpFileManagerTest.getAllRelevantDumpsMainDumpMissing,,brittle,https://github.com/Wikidata/Wikidata-Toolkit/pull/484
https://github.com/wikidata/wikidata-toolkit,20de6f7f12319f54eb962ff6e8357b3f5695d54d,wdtk-dumpfiles,org.wikidata.wdtk.dumpfiles.MwDumpFileProcessingTest.testMwMostRecentFullDumpFileProcessing,org.wikidata.wdtk.dumpfiles.wmf.WmfOnlineStandardDumpFileTest.downloadNoRevisionId,,brittle,https://github.com/Wikidata/Wikidata-Toolkit/pull/484
https://github.com/wikidata/wikidata-toolkit,20de6f7f12319f54eb962ff6e8357b3f5695d54d,wdtk-dumpfiles,org.wikidata.wdtk.dumpfiles.MwDumpFileProcessingTest.testMwMostRecentFullDumpFileProcessing,org.wikidata.wdtk.dumpfiles.SitesTest.getSiteInformation,,brittle,https://github.com/Wikidata/Wikidata-Toolkit/pull/484
https://github.com/wikidata/wikidata-toolkit,20de6f7f12319f54eb962ff6e8357b3f5695d54d,wdtk-dumpfiles,org.wikidata.wdtk.dumpfiles.MwDumpFileProcessingTest.testMwMostRecentFullDumpFileProcessing,org.wikidata.wdtk.dumpfiles.wmf.WmfOnlineStandardDumpFileTest.validCurrentDumpPropertiesOldFormat,,brittle,https://github.com/Wikidata/Wikidata-Toolkit/pull/484
https://github.com/wikidata/wikidata-toolkit,20de6f7f12319f54eb962ff6e8357b3f5695d54d,wdtk-dumpfiles,org.wikidata.wdtk.dumpfiles.MwDumpFileProcessingTest.testMwMostRecentFullDumpFileProcessing,org.wikidata.wdtk.dumpfiles.wmf.WmfDumpFileManagerTest.getAllCurrentDumps,,brittle,https://github.com/Wikidata/Wikidata-Toolkit/pull/484
https://github.com/wikidata/wikidata-toolkit,20de6f7f12319f54eb962ff6e8357b3f5695d54d,wdtk-dumpfiles,org.wikidata.wdtk.dumpfiles.MwDumpFileProcessingTest.testMwMostRecentFullDumpFileProcessing,org.wikidata.wdtk.dumpfiles.wmf.WmfOnlineDailyDumpFileTest.downloadNoRevisionId,,brittle,https://github.com/Wikidata/Wikidata-Toolkit/pull/484
https://github.com/wikidata/wikidata-toolkit,20de6f7f12319f54eb962ff6e8357b3f5695d54d,wdtk-dumpfiles,org.wikidata.wdtk.dumpfiles.MwDumpFileProcessingTest.testMwMostRecentFullDumpFileProcessing,org.wikidata.wdtk.dumpfiles.wmf.WmfLocalDumpFileTest.missingDumpFile,,brittle,https://github.com/Wikidata/Wikidata-Toolkit/pull/484
https://github.com/wikidata/wikidata-toolkit,20de6f7f12319f54eb962ff6e8357b3f5695d54d,wdtk-dumpfiles,org.wikidata.wdtk.dumpfiles.MwDumpFileProcessingTest.testMwMostRecentFullDumpFileProcessing,org.wikidata.wdtk.dumpfiles.wmf.WmfDumpFileManagerTest.getAllFullDumps,,brittle,https://github.com/Wikidata/Wikidata-Toolkit/pull/484
https://github.com/wikidata/wikidata-toolkit,20de6f7f12319f54eb962ff6e8357b3f5695d54d,wdtk-dumpfiles,org.wikidata.wdtk.dumpfiles.MwDumpFileProcessingTest.testMwMostRecentFullDumpFileProcessing,org.wikidata.wdtk.dumpfiles.JsonDumpFileProcessingTest.testBuggyJsonProcessing,,brittle,https://github.com/Wikidata/Wikidata-Toolkit/pull/484
https://github.com/wikidata/wikidata-toolkit,20de6f7f12319f54eb962ff6e8357b3f5695d54d,wdtk-dumpfiles,org.wikidata.wdtk.dumpfiles.MwDumpFileProcessingTest.testMwMostRecentFullDumpFileProcessing,org.wikidata.wdtk.dumpfiles.wmf.WmfLocalDumpFileTest.directoryDoesNotExist,,brittle,https://github.com/Wikidata/Wikidata-Toolkit/pull/484
https://github.com/wikidata/wikidata-toolkit,20de6f7f12319f54eb962ff6e8357b3f5695d54d,wdtk-dumpfiles,org.wikidata.wdtk.dumpfiles.MwDumpFileProcessingTest.testMwMostRecentFullDumpFileProcessing,org.wikidata.wdtk.dumpfiles.wmf.WmfOnlineStandardDumpFileTest.missingFullDumpProperties,,brittle,https://github.com/Wikidata/Wikidata-Toolkit/pull/484
https://github.com/wikidata/wikidata-toolkit,20de6f7f12319f54eb962ff6e8357b3f5695d54d,wdtk-dumpfiles,org.wikidata.wdtk.dumpfiles.MwDumpFileProcessingTest.testMwMostRecentFullDumpFileProcessing,org.wikidata.wdtk.dumpfiles.wmf.WmfDumpFileManagerTest.getAllDailyDumpsOffline,,brittle,https://github.com/Wikidata/Wikidata-Toolkit/pull/484
https://github.com/wikidata/wikidata-toolkit,20de6f7f12319f54eb962ff6e8357b3f5695d54d,wdtk-dumpfiles,org.wikidata.wdtk.dumpfiles.MwDumpFileProcessingTest.testMwMostRecentFullDumpFileProcessing,org.wikidata.wdtk.dumpfiles.wmf.WmfDumpFileManagerTest.getAllCurrentDumpsOffline,,brittle,https://github.com/Wikidata/Wikidata-Toolkit/pull/484
https://github.com/wikidata/wikidata-toolkit,20de6f7f12319f54eb962ff6e8357b3f5695d54d,wdtk-dumpfiles,org.wikidata.wdtk.dumpfiles.MwDumpFileProcessingTest.testMwMostRecentFullDumpFileProcessing,org.wikidata.wdtk.dumpfiles.wmf.WmfOnlineDailyDumpFileTest.inaccessibleStatus,,brittle,https://github.com/Wikidata/Wikidata-Toolkit/pull/484
https://github.com/wikidata/wikidata-toolkit,20de6f7f12319f54eb962ff6e8357b3f5695d54d,wdtk-dumpfiles,org.wikidata.wdtk.dumpfiles.MwDumpFileProcessingTest.testMwMostRecentFullDumpFileProcessing,org.wikidata.wdtk.dumpfiles.wmf.WmfOnlineDailyDumpFileTest.downloadNoDumpFile,,brittle,https://github.com/Wikidata/Wikidata-Toolkit/pull/484
https://github.com/wikidata/wikidata-toolkit,20de6f7f12319f54eb962ff6e8357b3f5695d54d,wdtk-dumpfiles,org.wikidata.wdtk.dumpfiles.MwDumpFileProcessingTest.testMwMostRecentFullDumpFileProcessing,org.wikidata.wdtk.dumpfiles.wmf.WmfDumpFileManagerTest.getAllFullDumpsOffline,,brittle,https://github.com/Wikidata/Wikidata-Toolkit/pull/484
https://github.com/wikidata/wikidata-toolkit,20de6f7f12319f54eb962ff6e8357b3f5695d54d,wdtk-dumpfiles,org.wikidata.wdtk.dumpfiles.MwDumpFileProcessingTest.testMwMostRecentFullDumpFileProcessing,org.wikidata.wdtk.dumpfiles.MwDumpFileProcessingTest.testMwRecentFullDumpFileProcessing,,brittle,https://github.com/Wikidata/Wikidata-Toolkit/pull/484
https://github.com/wikidata/wikidata-toolkit,20de6f7f12319f54eb962ff6e8357b3f5695d54d,wdtk-dumpfiles,org.wikidata.wdtk.dumpfiles.MwDumpFileProcessingTest.testMwMostRecentFullDumpFileProcessing,org.wikidata.wdtk.dumpfiles.JsonDumpFileProcessingTest.testRegularJsonProcessing,,brittle,https://github.com/Wikidata/Wikidata-Toolkit/pull/484
https://github.com/wikidata/wikidata-toolkit,20de6f7f12319f54eb962ff6e8357b3f5695d54d,wdtk-dumpfiles,org.wikidata.wdtk.dumpfiles.MwDumpFileProcessingTest.testMwMostRecentFullDumpFileProcessing,org.wikidata.wdtk.dumpfiles.wmf.WmfOnlineStandardDumpFileTest.downloadNoDumpFile,,brittle,https://github.com/Wikidata/Wikidata-Toolkit/pull/484
https://github.com/wikidata/wikidata-toolkit,20de6f7f12319f54eb962ff6e8357b3f5695d54d,wdtk-dumpfiles,org.wikidata.wdtk.dumpfiles.MwDumpFileProcessingTest.testMwMostRecentFullDumpFileProcessing,org.wikidata.wdtk.dumpfiles.wmf.WmfOnlineDailyDumpFileTest.emptyDumpProperties,,brittle,https://github.com/Wikidata/Wikidata-Toolkit/pull/484
https://github.com/wikidata/wikidata-toolkit,20de6f7f12319f54eb962ff6e8357b3f5695d54d,wdtk-dumpfiles,org.wikidata.wdtk.dumpfiles.MwDumpFileProcessingTest.testMwMostRecentFullDumpFileProcessing,org.wikidata.wdtk.dumpfiles.wmf.WmfOnlineDailyDumpFileTest.missingDumpProperties,,brittle,https://github.com/Wikidata/Wikidata-Toolkit/pull/484
https://github.com/wikidata/wikidata-toolkit,20de6f7f12319f54eb962ff6e8357b3f5695d54d,wdtk-dumpfiles,org.wikidata.wdtk.dumpfiles.MwDumpFileProcessingTest.testMwMostRecentFullDumpFileProcessing,org.wikidata.wdtk.dumpfiles.wmf.WmfOnlineStandardDumpFileTest.downloadNoMd5sum,,brittle,https://github.com/Wikidata/Wikidata-Toolkit/pull/484
https://github.com/wikidata/wikidata-toolkit,20de6f7f12319f54eb962ff6e8357b3f5695d54d,wdtk-dumpfiles,org.wikidata.wdtk.dumpfiles.MwDumpFileProcessingTest.testMwMostRecentFullDumpFileProcessing,org.wikidata.wdtk.dumpfiles.wmf.WmfOnlineDailyDumpFileTest.validDumpProperties,,brittle,https://github.com/Wikidata/Wikidata-Toolkit/pull/484
https://github.com/wikidata/wikidata-toolkit,20de6f7f12319f54eb962ff6e8357b3f5695d54d,wdtk-dumpfiles,org.wikidata.wdtk.dumpfiles.MwDumpFileProcessingTest.testMwMostRecentFullDumpFileProcessing,org.wikidata.wdtk.dumpfiles.wmf.WmfDumpFileManagerTest.getAllDailyDumps,,brittle,https://github.com/Wikidata/Wikidata-Toolkit/pull/484
https://github.com/wikidata/wikidata-toolkit,20de6f7f12319f54eb962ff6e8357b3f5695d54d,wdtk-dumpfiles,org.wikidata.wdtk.dumpfiles.MwDumpFileProcessingTest.testMwMostRecentFullDumpFileProcessing,org.wikidata.wdtk.dumpfiles.wmf.WmfOnlineStandardDumpFileTest.emptyFullDumpIsDone,,brittle,https://github.com/Wikidata/Wikidata-Toolkit/pull/484
https://github.com/wikidata/wikidata-toolkit,20de6f7f12319f54eb962ff6e8357b3f5695d54d,wdtk-dumpfiles,org.wikidata.wdtk.dumpfiles.MwDumpFileProcessingTest.testMwMostRecentFullDumpFileProcessing,org.wikidata.wdtk.dumpfiles.wmf.WmfDumpFileManagerTest.getAllRelevantDumps,,brittle,https://github.com/Wikidata/Wikidata-Toolkit/pull/484
https://github.com/wildfly/wildfly,b19048b72669fc0e96665b1b125dc1fda21f5993,naming,org.jboss.as.naming.WritableServiceBasedNamingStoreTestCase.testPermissions,org.jboss.as.naming.subsystem.NamingSubsystemTestCase.testCompositeBindingUpdate,,brittle,https://github.com/wildfly/wildfly/pull/11833
https://github.com/wildfly/wildfly,b19048b72669fc0e96665b1b125dc1fda21f5993,naming,org.jboss.as.naming.WritableServiceBasedNamingStoreTestCase.testPermissions,org.jboss.as.naming.subsystem.NamingSubsystemTestCase.testRejectionsEAP6,,brittle,https://github.com/wildfly/wildfly/pull/11833
https://github.com/wildfly/wildfly,b19048b72669fc0e96665b1b125dc1fda21f5993,naming,org.jboss.as.naming.WritableServiceBasedNamingStoreTestCase.testPermissions,org.jboss.as.naming.NamingEventCoordinatorTestCase.testFireOneLevelEvent,,brittle,https://github.com/wildfly/wildfly/pull/11833
https://github.com/wildfly/wildfly,b19048b72669fc0e96665b1b125dc1fda21f5993,naming,org.jboss.as.naming.WritableServiceBasedNamingStoreTestCase.testPermissions,org.jboss.as.naming.subsystem.NamingSubsystemTestCase.testOnlyExternalContextAllowsCache,,brittle,https://github.com/wildfly/wildfly/pull/11833
https://github.com/wildfly/wildfly,b19048b72669fc0e96665b1b125dc1fda21f5993,naming,org.jboss.as.naming.WritableServiceBasedNamingStoreTestCase.testPermissions,org.jboss.as.naming.subsystem.NamingSubsystemTestCase.testSubsystem,,brittle,https://github.com/wildfly/wildfly/pull/11833
https://github.com/wildfly/wildfly,b19048b72669fc0e96665b1b125dc1fda21f5993,naming,org.jboss.as.naming.WritableServiceBasedNamingStoreTestCase.testPermissions,org.jboss.as.naming.NamingEventCoordinatorTestCase.testFireObjectEvent,,brittle,https://github.com/wildfly/wildfly/pull/11833
https://github.com/wildfly/wildfly,b19048b72669fc0e96665b1b125dc1fda21f5993,naming,org.jboss.as.naming.WritableServiceBasedNamingStoreTestCase.testPermissions,org.jboss.as.naming.subsystem.NamingSubsystemTestCase.testRejectionsEAP7,,brittle,https://github.com/wildfly/wildfly/pull/11833
https://github.com/wildfly/wildfly,b19048b72669fc0e96665b1b125dc1fda21f5993,naming,org.jboss.as.naming.WritableServiceBasedNamingStoreTestCase.testPermissions,org.jboss.as.naming.subsystem.NamingSubsystemTestCase.testCompositeBindingOps,,brittle,https://github.com/wildfly/wildfly/pull/11833
https://github.com/wildfly/wildfly,b19048b72669fc0e96665b1b125dc1fda21f5993,naming,org.jboss.as.naming.WritableServiceBasedNamingStoreTestCase.testPermissions,org.jboss.as.naming.NamingEventCoordinatorTestCase.testFireSubTreeEvent,,brittle,https://github.com/wildfly/wildfly/pull/11833
https://github.com/wildfly/wildfly,b19048b72669fc0e96665b1b125dc1fda21f5993,naming,org.jboss.as.naming.WritableServiceBasedNamingStoreTestCase.testPermissions,org.jboss.as.naming.NamingEventCoordinatorTestCase.testFireAllEvent,,brittle,https://github.com/wildfly/wildfly/pull/11833
https://github.com/wildfly/wildfly,b19048b72669fc0e96665b1b125dc1fda21f5993,naming,org.jboss.as.naming.WritableServiceBasedNamingStoreTestCase.testPermissions,org.jboss.as.naming.NamingEventCoordinatorTestCase.testFireMultiLevelEvent,,brittle,https://github.com/wildfly/wildfly/pull/11833
https://github.com/wildfly/wildfly,b19048b72669fc0e96665b1b125dc1fda21f5993,naming,org.jboss.as.naming.WritableServiceBasedNamingStoreTestCase.testPermissions,org.jboss.as.naming.WritableServiceBasedNamingStoreTestCase.testBind,,brittle,https://github.com/wildfly/wildfly/pull/11833
https://github.com/fhoeben/hsac-fitnesse-fixtures,a64c18d9c4bac8271275c7b089d40be20f0604b5,.,nl.hsac.fitnesse.fixture.slim.FileFixtureTest.testDelete,nl.hsac.fitnesse.fixture.slim.FileFixtureTest.testAppendContainingOnSameline,,brittle,https://github.com/fhoeben/hsac-fitnesse-fixtures/pull/293
https://github.com/alibaba/easyexcel,756f16e42fbd7bc5c7fa18426cbc02fc81a42057,.,com.alibaba.easyexcel.test.core.simple.SimpleDataTest.t03SynchronousRead07,com.alibaba.easyexcel.test.core.simple.SimpleDataTest.t01ReadAndWrite07,,brittle,https://github.com/alibaba/easyexcel/pull/1684
https://github.com/alibaba/easyexcel,756f16e42fbd7bc5c7fa18426cbc02fc81a42057,.,com.alibaba.easyexcel.test.core.simple.SimpleDataTest.t04SynchronousRead03,com.alibaba.easyexcel.test.core.simple.SimpleDataTest.t02ReadAndWrite03,,brittle,https://github.com/alibaba/easyexcel/pull/1684
https://github.com/alibaba/fastjson,e05e9c5e4be580691cc55a59f3256595393203a1,.,com.alibaba.json.bvt.date.DateTest.test_date,com.alibaba.json.bvt.bug.Issue978.test_for_issue,,brittle,https://github.com/alibaba/fastjson/pull/2148
https://github.com/alibaba/fastjson,e05e9c5e4be580691cc55a59f3256595393203a1,.,com.alibaba.json.bvt.date.DateTest.test_date,com.alibaba.json.bvt.bug.Issue978.test_for_issue,,brittle,https://github.com/alibaba/fastjson/pull/2148
https://github.com/alibaba/fastjson,e05e9c5e4be580691cc55a59f3256595393203a1,.,com.alibaba.json.bvt.date.DateTest.test_date,com.alibaba.json.bvt.date.DateFieldTest2.test_codec_asm,,brittle,https://github.com/alibaba/fastjson/pull/2148
https://github.com/alibaba/fastjson,e05e9c5e4be580691cc55a59f3256595393203a1,.,com.alibaba.json.bvt.date.DateTest.test_date,com.alibaba.json.bvt.date.DateFieldTest2.test_codec,,brittle,https://github.com/alibaba/fastjson/pull/2148
https://github.com/alibaba/fastjson,e05e9c5e4be580691cc55a59f3256595393203a1,.,com.alibaba.json.bvt.date.DateTest.test_date,com.alibaba.json.bvt.date.DateFieldTest2.test_codec_no_asm,,brittle,https://github.com/alibaba/fastjson/pull/2148
https://github.com/alibaba/fastjson,e05e9c5e4be580691cc55a59f3256595393203a1,.,com.alibaba.json.bvt.date.DateTest.test_date,com.alibaba.json.bvt.date.DateFieldTest2.test_codec_null_1,,brittle,https://github.com/alibaba/fastjson/pull/2148
https://github.com/alibaba/fastjson,e05e9c5e4be580691cc55a59f3256595393203a1,.,com.alibaba.json.bvt.date.DateTest.test_date,com.alibaba.json.bvt.date.DateFieldTest2.test_codec_null_asm,,brittle,https://github.com/alibaba/fastjson/pull/2148
https://github.com/alibaba/fastjson,e05e9c5e4be580691cc55a59f3256595393203a1,.,com.alibaba.json.bvt.date.DateTest.test_date,com.alibaba.json.bvt.date.DateFieldTest4.test_codec_asm,,brittle,https://github.com/alibaba/fastjson/pull/2148
https://github.com/alibaba/fastjson,e05e9c5e4be580691cc55a59f3256595393203a1,.,com.alibaba.json.bvt.date.DateTest.test_date,com.alibaba.json.bvt.date.DateFieldTest4.test_codec,,brittle,https://github.com/alibaba/fastjson/pull/2148
https://github.com/alibaba/fastjson,e05e9c5e4be580691cc55a59f3256595393203a1,.,com.alibaba.json.bvt.date.DateTest.test_date,com.alibaba.json.bvt.date.DateFieldTest4.test_codec_no_asm,,brittle,https://github.com/alibaba/fastjson/pull/2148
https://github.com/alibaba/fastjson,e05e9c5e4be580691cc55a59f3256595393203a1,.,com.alibaba.json.bvt.date.DateTest.test_date,com.alibaba.json.bvt.date.DateFieldTest4.test_codec_null_1,,brittle,https://github.com/alibaba/fastjson/pull/2148
https://github.com/alibaba/fastjson,e05e9c5e4be580691cc55a59f3256595393203a1,.,com.alibaba.json.bvt.date.DateTest.test_date,com.alibaba.json.bvt.date.DateFieldTest4.test_codec_null_asm,,brittle,https://github.com/alibaba/fastjson/pull/2148
https://github.com/alibaba/fastjson,e05e9c5e4be580691cc55a59f3256595393203a1,.,com.alibaba.json.bvt.date.DateTest.test_date,com.alibaba.json.bvt.parser.DateParserTest.test_date_1,,brittle,https://github.com/alibaba/fastjson/pull/2148
https://github.com/alibaba/fastjson,e05e9c5e4be580691cc55a59f3256595393203a1,.,com.alibaba.json.bvt.date.DateTest.test_date,com.alibaba.json.bvt.parser.DateParserTest.test_date_3,,brittle,https://github.com/alibaba/fastjson/pull/2148
https://github.com/alibaba/fastjson,e05e9c5e4be580691cc55a59f3256595393203a1,.,com.alibaba.json.bvt.date.DateTest.test_date,com.alibaba.json.bvt.parser.DateParserTest.test_date_5,,brittle,https://github.com/alibaba/fastjson/pull/2148
https://github.com/alibaba/fastjson,e05e9c5e4be580691cc55a59f3256595393203a1,.,com.alibaba.json.bvt.date.DateTest.test_date,com.alibaba.json.bvt.parser.DateParserTest.test_date_error_0,,brittle,https://github.com/alibaba/fastjson/pull/2148
https://github.com/alibaba/fastjson,e05e9c5e4be580691cc55a59f3256595393203a1,.,com.alibaba.json.bvt.date.DateTest.test_date,com.alibaba.json.bvt.parser.DateParserTest.test_date_new_1,,brittle,https://github.com/alibaba/fastjson/pull/2148
https://github.com/alibaba/fastjson,e05e9c5e4be580691cc55a59f3256595393203a1,.,com.alibaba.json.bvt.date.DateTest.test_date,com.alibaba.json.bvt.parser.DefaultJSONParserTest_date.test_date3,,brittle,https://github.com/alibaba/fastjson/pull/2148
https://github.com/alibaba/fastjson,e05e9c5e4be580691cc55a59f3256595393203a1,.,com.alibaba.json.bvt.date.DateTest.test_date,com.alibaba.json.bvt.parser.DefaultJSONParserTest_date.test_dateFormat,,brittle,https://github.com/alibaba/fastjson/pull/2148
https://github.com/alibaba/fastjson,e05e9c5e4be580691cc55a59f3256595393203a1,.,com.alibaba.json.bvt.date.DateTest.test_date,com.alibaba.json.bvt.parser.DefaultJSONParserTest_date.test_date,,brittle,https://github.com/alibaba/fastjson/pull/2148
https://github.com/alibaba/fastjson,e05e9c5e4be580691cc55a59f3256595393203a1,.,com.alibaba.json.bvt.date.DateTest_tz.test_codec,com.alibaba.json.bvt.date.DateFieldTest9.test_cn_3,,brittle,https://github.com/alibaba/fastjson/pull/2148
https://github.com/alibaba/fastjson,e05e9c5e4be580691cc55a59f3256595393203a1,.,com.alibaba.json.bvt.date.DateTest_tz.test_codec,com.alibaba.json.bvt.date.DateFieldTest9.test_cn_3,,brittle,https://github.com/alibaba/fastjson/pull/2148
https://github.com/alibaba/fastjson,e05e9c5e4be580691cc55a59f3256595393203a1,.,com.alibaba.json.bvt.date.DateTest_tz.test_codec,com.alibaba.json.bvt.date.DateFieldTest9.test_cn,,brittle,https://github.com/alibaba/fastjson/pull/2148
https://github.com/alibaba/fastjson,e05e9c5e4be580691cc55a59f3256595393203a1,.,com.alibaba.json.bvt.date.DateTest_tz.test_codec,com.alibaba.json.bvt.date.DateFieldTest9.test_de,,brittle,https://github.com/alibaba/fastjson/pull/2148
https://github.com/alibaba/fastjson,e05e9c5e4be580691cc55a59f3256595393203a1,.,com.alibaba.json.bvt.date.DateTest_tz.test_codec,com.alibaba.json.bvt.date.DateFieldTest9.test_in,,brittle,https://github.com/alibaba/fastjson/pull/2148
https://github.com/alibaba/fastjson,e05e9c5e4be580691cc55a59f3256595393203a1,.,com.alibaba.json.bvt.date.DateTest_tz.test_codec,com.alibaba.json.bvt.date.DateFieldTest9.test_kr_1,,brittle,https://github.com/alibaba/fastjson/pull/2148
https://github.com/alibaba/fastjson,e05e9c5e4be580691cc55a59f3256595393203a1,.,com.alibaba.json.bvt.date.DateTest_tz.test_codec,com.alibaba.json.bvt.date.DateFieldTest9.test_kr_2,,brittle,https://github.com/alibaba/fastjson/pull/2148
https://github.com/alibaba/fastjson,e05e9c5e4be580691cc55a59f3256595393203a1,.,com.alibaba.json.bvt.date.DateTest_tz.test_codec,com.alibaba.json.bvt.date.DateFieldTest9.test_kr_3,,brittle,https://github.com/alibaba/fastjson/pull/2148
https://github.com/alibaba/fastjson,e05e9c5e4be580691cc55a59f3256595393203a1,.,com.alibaba.json.bvt.date.DateTest_tz.test_codec,com.alibaba.json.bvt.date.DateFieldTest9.test_kr_4,,brittle,https://github.com/alibaba/fastjson/pull/2148
https://github.com/alibaba/fastjson,e05e9c5e4be580691cc55a59f3256595393203a1,.,com.alibaba.json.bvt.date.DateTest_tz.test_codec,com.alibaba.json.bvt.date.DateFieldTest9.test_tw,,brittle,https://github.com/alibaba/fastjson/pull/2148
https://github.com/alibaba/fastjson,e05e9c5e4be580691cc55a59f3256595393203a1,.,com.alibaba.json.bvt.date.DateTest_tz.test_codec,com.alibaba.json.bvt.parser.deser.date.DateFormatDeserializerTest.test_dateFormat_array,,brittle,https://github.com/alibaba/fastjson/pull/2148
https://github.com/alibaba/fastjson,e05e9c5e4be580691cc55a59f3256595393203a1,.,com.alibaba.json.bvt.date.DateTest_tz.test_codec,com.alibaba.json.bvt.parser.deser.date.DateFormatDeserializerTest.test_dateFormat_empty,,brittle,https://github.com/alibaba/fastjson/pull/2148
https://github.com/alibaba/fastjson,e05e9c5e4be580691cc55a59f3256595393203a1,.,com.alibaba.json.bvt.date.DateTest_tz.test_codec,com.alibaba.json.bvt.parser.deser.date.DateFormatDeserializerTest.test_dateFormat_error,,brittle,https://github.com/alibaba/fastjson/pull/2148
https://github.com/alibaba/fastjson,e05e9c5e4be580691cc55a59f3256595393203a1,.,com.alibaba.json.bvt.date.DateTest_tz.test_codec,com.alibaba.json.bvt.parser.deser.date.DateFormatDeserializerTest.test_dateFormat_null,,brittle,https://github.com/alibaba/fastjson/pull/2148
https://github.com/alibaba/fastjson,e05e9c5e4be580691cc55a59f3256595393203a1,.,com.alibaba.json.bvt.date.DateTest_tz.test_codec,com.alibaba.json.bvt.parser.deser.date.DateFormatDeserializerTest.test_dateFormat_yyyy,,brittle,https://github.com/alibaba/fastjson/pull/2148
https://github.com/alibaba/fastjson,e05e9c5e4be580691cc55a59f3256595393203a1,.,com.alibaba.json.bvt.date.DateTest_tz.test_codec,com.alibaba.json.bvt.parser.deser.date.DateParseTest3.test_date,,brittle,https://github.com/alibaba/fastjson/pull/2148
https://github.com/alibaba/fastjson,e05e9c5e4be580691cc55a59f3256595393203a1,.,com.alibaba.json.bvt.date.DateTest_tz.test_codec,com.alibaba.json.bvt.serializer.date.DateTest.test_0,,brittle,https://github.com/alibaba/fastjson/pull/2148
https://github.com/alibaba/fastjson,e05e9c5e4be580691cc55a59f3256595393203a1,.,com.alibaba.json.bvt.date.DateTest_tz.test_codec,com.alibaba.json.bvt.serializer.date.DateTest.test_5,,brittle,https://github.com/alibaba/fastjson/pull/2148
https://github.com/alibaba/fastjson,e05e9c5e4be580691cc55a59f3256595393203a1,.,com.alibaba.json.bvt.date.DateTest_tz.test_codec,com.alibaba.json.bvt.serializer.date.DateTest.test_6,,brittle,https://github.com/alibaba/fastjson/pull/2148
https://github.com/alibaba/fastjson,e05e9c5e4be580691cc55a59f3256595393203a1,.,com.alibaba.json.bvt.date.DateTest_tz.test_codec,com.alibaba.json.bvt.serializer.date.DateTest.test_8,,brittle,https://github.com/alibaba/fastjson/pull/2148
https://github.com/alibaba/fastjson,e05e9c5e4be580691cc55a59f3256595393203a1,.,com.alibaba.json.bvt.issue_1200.Issue1298.test_for_issue_1,com.alibaba.json.bvt.bug.Bug_for_80108116.test_for_dateFormat,,brittle,https://github.com/alibaba/fastjson/pull/2148
https://github.com/alibaba/fastjson,e05e9c5e4be580691cc55a59f3256595393203a1,.,com.alibaba.json.bvt.issue_1200.Issue1298.test_for_issue_1,com.alibaba.json.bvt.bug.Bug_for_issue_331.test_for_issue,,brittle,https://github.com/alibaba/fastjson/pull/2148
https://github.com/alibaba/fastjson,e05e9c5e4be580691cc55a59f3256595393203a1,.,com.alibaba.json.bvt.issue_1200.Issue1298.test_for_issue_1,com.alibaba.json.bvt.bug.Bug_for_xiayucai2012.test_for_xiayucai2012,,brittle,https://github.com/alibaba/fastjson/pull/2148
https://github.com/alibaba/fastjson,e05e9c5e4be580691cc55a59f3256595393203a1,.,com.alibaba.json.bvt.issue_1200.Issue1298.test_for_issue_1,com.alibaba.json.bvt.date.DateFieldTest6.test_0,,brittle,https://github.com/alibaba/fastjson/pull/2148
https://github.com/alibaba/fastjson,e05e9c5e4be580691cc55a59f3256595393203a1,.,com.alibaba.json.bvt.issue_1200.Issue1298.test_for_issue_1,com.alibaba.json.bvt.date.DateFieldTest8.test_0,,brittle,https://github.com/alibaba/fastjson/pull/2148
https://github.com/alibaba/fastjson,e05e9c5e4be580691cc55a59f3256595393203a1,.,com.alibaba.json.bvt.issue_1200.Issue1298.test_for_issue_1,com.alibaba.json.bvt.jdk8.LocalTimeTest.test_for_issue,,brittle,https://github.com/alibaba/fastjson/pull/2148
https://github.com/alibaba/fastjson,e05e9c5e4be580691cc55a59f3256595393203a1,.,com.alibaba.json.bvt.issue_1200.Issue1298.test_for_issue_1,com.alibaba.json.bvt.jdk8.LocalTimeTest.test_for_long,,brittle,https://github.com/alibaba/fastjson/pull/2148
https://github.com/alibaba/fastjson,e05e9c5e4be580691cc55a59f3256595393203a1,.,com.alibaba.json.bvt.issue_1200.Issue1298.test_for_issue_1,com.alibaba.json.bvt.parser.array.BeanToArrayTest_date_private.test_date2,,brittle,https://github.com/alibaba/fastjson/pull/2148
https://github.com/alibaba/fastjson,e05e9c5e4be580691cc55a59f3256595393203a1,.,com.alibaba.json.bvt.issue_1200.Issue1298.test_for_issue_1,com.alibaba.json.bvt.parser.array.BeanToArrayTest_date_private.test_date,,brittle,https://github.com/alibaba/fastjson/pull/2148
https://github.com/alibaba/fastjson,e05e9c5e4be580691cc55a59f3256595393203a1,.,com.alibaba.json.bvt.issue_1200.Issue1298.test_for_issue_1,com.alibaba.json.bvt.parser.DateParserTest_sql_timestamp.test_date_1,,brittle,https://github.com/alibaba/fastjson/pull/2148
https://github.com/alibaba/fastjson,e05e9c5e4be580691cc55a59f3256595393203a1,.,com.alibaba.json.bvt.issue_1200.Issue1298.test_for_issue_1,com.alibaba.json.bvt.parser.DateParserTest_sql_timestamp.test_date_2,,brittle,https://github.com/alibaba/fastjson/pull/2148
https://github.com/alibaba/fastjson,e05e9c5e4be580691cc55a59f3256595393203a1,.,com.alibaba.json.bvt.issue_1200.Issue1298.test_for_issue_1,com.alibaba.json.bvt.parser.DateParserTest_sql_timestamp.test_date_3,,brittle,https://github.com/alibaba/fastjson/pull/2148
https://github.com/alibaba/fastjson,e05e9c5e4be580691cc55a59f3256595393203a1,.,com.alibaba.json.bvt.issue_1200.Issue1298.test_for_issue_1,com.alibaba.json.bvt.parser.DateParserTest_sql_timestamp.test_date_4,,brittle,https://github.com/alibaba/fastjson/pull/2148
https://github.com/alibaba/fastjson,e05e9c5e4be580691cc55a59f3256595393203a1,.,com.alibaba.json.bvt.issue_1200.Issue1298.test_for_issue_1,com.alibaba.json.bvt.parser.deser.date.DateParseTest6.test_date,,brittle,https://github.com/alibaba/fastjson/pull/2148
https://github.com/alibaba/fastjson,e05e9c5e4be580691cc55a59f3256595393203a1,.,com.alibaba.json.bvt.issue_1200.Issue1298.test_for_issue_1,com.alibaba.json.bvt.parser.deser.date.DateParseTest6.test_date,,brittle,https://github.com/alibaba/fastjson/pull/2148
https://github.com/alibaba/fastjson,e05e9c5e4be580691cc55a59f3256595393203a1,.,com.alibaba.json.bvt.issue_1200.Issue1298.test_for_issue_1,com.alibaba.json.bvt.parser.deser.TimeDeserializerTest.test_time,,brittle,https://github.com/alibaba/fastjson/pull/2148
https://github.com/alibaba/fastjson,e05e9c5e4be580691cc55a59f3256595393203a1,.,com.alibaba.json.bvt.issue_1200.Issue1298.test_for_issue_1,com.alibaba.json.bvt.serializer.date.DateTest_ISO8601_TimeZone.test_date1,,brittle,https://github.com/alibaba/fastjson/pull/2148
https://github.com/alibaba/fastjson,e05e9c5e4be580691cc55a59f3256595393203a1,.,com.alibaba.json.bvt.issue_1200.Issue1298.test_for_issue_1,com.alibaba.json.bvt.serializer.date.DateTest_ISO8601_TimeZone.test_date2,,brittle,https://github.com/alibaba/fastjson/pull/2148
https://github.com/alibaba/fastjson,e05e9c5e4be580691cc55a59f3256595393203a1,.,com.alibaba.json.bvt.issue_1200.Issue1298.test_for_issue_1,com.alibaba.json.bvt.serializer.date.DateTest_ISO8601_TimeZone.test_date3,,brittle,https://github.com/alibaba/fastjson/pull/2148
https://github.com/alibaba/fastjson,e05e9c5e4be580691cc55a59f3256595393203a1,.,com.alibaba.json.bvt.issue_1200.Issue1298.test_for_issue_1,com.alibaba.json.bvt.TimestampTest.test_0,,brittle,https://github.com/alibaba/fastjson/pull/2148
https://github.com/alibaba/fastjson,e05e9c5e4be580691cc55a59f3256595393203a1,.,com.alibaba.json.bvt.issue_1200.Issue1298.test_for_issue,com.alibaba.json.bvt.bug.Bug_for_80108116.test_for_dateFormat,,brittle,https://github.com/alibaba/fastjson/pull/2148
https://github.com/alibaba/fastjson,e05e9c5e4be580691cc55a59f3256595393203a1,.,com.alibaba.json.bvt.issue_1200.Issue1298.test_for_issue,com.alibaba.json.bvt.bug.Bug_for_issue_331.test_for_issue,,brittle,https://github.com/alibaba/fastjson/pull/2148
https://github.com/alibaba/fastjson,e05e9c5e4be580691cc55a59f3256595393203a1,.,com.alibaba.json.bvt.issue_1200.Issue1298.test_for_issue,com.alibaba.json.bvt.bug.Bug_for_xiayucai2012.test_for_xiayucai2012,,brittle,https://github.com/alibaba/fastjson/pull/2148
https://github.com/alibaba/fastjson,e05e9c5e4be580691cc55a59f3256595393203a1,.,com.alibaba.json.bvt.issue_1200.Issue1298.test_for_issue,com.alibaba.json.bvt.date.DateFieldTest6.test_0,,brittle,https://github.com/alibaba/fastjson/pull/2148
https://github.com/alibaba/fastjson,e05e9c5e4be580691cc55a59f3256595393203a1,.,com.alibaba.json.bvt.issue_1200.Issue1298.test_for_issue,com.alibaba.json.bvt.date.DateFieldTest8.test_0,,brittle,https://github.com/alibaba/fastjson/pull/2148
https://github.com/alibaba/fastjson,e05e9c5e4be580691cc55a59f3256595393203a1,.,com.alibaba.json.bvt.issue_1200.Issue1298.test_for_issue,com.alibaba.json.bvt.jdk8.LocalTimeTest.test_for_issue,,brittle,https://github.com/alibaba/fastjson/pull/2148
https://github.com/alibaba/fastjson,e05e9c5e4be580691cc55a59f3256595393203a1,.,com.alibaba.json.bvt.issue_1200.Issue1298.test_for_issue,com.alibaba.json.bvt.jdk8.LocalTimeTest.test_for_long,,brittle,https://github.com/alibaba/fastjson/pull/2148
https://github.com/alibaba/fastjson,e05e9c5e4be580691cc55a59f3256595393203a1,.,com.alibaba.json.bvt.issue_1200.Issue1298.test_for_issue,com.alibaba.json.bvt.parser.array.BeanToArrayTest_date_private.test_date2,,brittle,https://github.com/alibaba/fastjson/pull/2148
https://github.com/alibaba/fastjson,e05e9c5e4be580691cc55a59f3256595393203a1,.,com.alibaba.json.bvt.issue_1200.Issue1298.test_for_issue,com.alibaba.json.bvt.parser.array.BeanToArrayTest_date_private.test_date,,brittle,https://github.com/alibaba/fastjson/pull/2148
https://github.com/alibaba/fastjson,e05e9c5e4be580691cc55a59f3256595393203a1,.,com.alibaba.json.bvt.issue_1200.Issue1298.test_for_issue,com.alibaba.json.bvt.parser.DateParserTest_sql_timestamp.test_date_1,,brittle,https://github.com/alibaba/fastjson/pull/2148
https://github.com/alibaba/fastjson,e05e9c5e4be580691cc55a59f3256595393203a1,.,com.alibaba.json.bvt.issue_1200.Issue1298.test_for_issue,com.alibaba.json.bvt.parser.DateParserTest_sql_timestamp.test_date_2,,brittle,https://github.com/alibaba/fastjson/pull/2148
https://github.com/alibaba/fastjson,e05e9c5e4be580691cc55a59f3256595393203a1,.,com.alibaba.json.bvt.issue_1200.Issue1298.test_for_issue,com.alibaba.json.bvt.parser.DateParserTest_sql_timestamp.test_date_3,,brittle,https://github.com/alibaba/fastjson/pull/2148
https://github.com/alibaba/fastjson,e05e9c5e4be580691cc55a59f3256595393203a1,.,com.alibaba.json.bvt.issue_1200.Issue1298.test_for_issue,com.alibaba.json.bvt.parser.DateParserTest_sql_timestamp.test_date_4,,brittle,https://github.com/alibaba/fastjson/pull/2148
https://github.com/alibaba/fastjson,e05e9c5e4be580691cc55a59f3256595393203a1,.,com.alibaba.json.bvt.issue_1200.Issue1298.test_for_issue,com.alibaba.json.bvt.parser.deser.date.DateParseTest6.test_date,,brittle,https://github.com/alibaba/fastjson/pull/2148
https://github.com/alibaba/fastjson,e05e9c5e4be580691cc55a59f3256595393203a1,.,com.alibaba.json.bvt.issue_1200.Issue1298.test_for_issue,com.alibaba.json.bvt.parser.deser.date.DateParseTest6.test_date,,brittle,https://github.com/alibaba/fastjson/pull/2148
https://github.com/alibaba/fastjson,e05e9c5e4be580691cc55a59f3256595393203a1,.,com.alibaba.json.bvt.issue_1200.Issue1298.test_for_issue,com.alibaba.json.bvt.parser.deser.TimeDeserializerTest.test_time,,brittle,https://github.com/alibaba/fastjson/pull/2148
https://github.com/alibaba/fastjson,e05e9c5e4be580691cc55a59f3256595393203a1,.,com.alibaba.json.bvt.issue_1200.Issue1298.test_for_issue,com.alibaba.json.bvt.serializer.date.DateTest_ISO8601_TimeZone.test_date1,,brittle,https://github.com/alibaba/fastjson/pull/2148
https://github.com/alibaba/fastjson,e05e9c5e4be580691cc55a59f3256595393203a1,.,com.alibaba.json.bvt.issue_1200.Issue1298.test_for_issue,com.alibaba.json.bvt.serializer.date.DateTest_ISO8601_TimeZone.test_date2,,brittle,https://github.com/alibaba/fastjson/pull/2148
https://github.com/alibaba/fastjson,e05e9c5e4be580691cc55a59f3256595393203a1,.,com.alibaba.json.bvt.issue_1200.Issue1298.test_for_issue,com.alibaba.json.bvt.serializer.date.DateTest_ISO8601_TimeZone.test_date3,,brittle,https://github.com/alibaba/fastjson/pull/2148
https://github.com/alibaba/fastjson,e05e9c5e4be580691cc55a59f3256595393203a1,.,com.alibaba.json.bvt.issue_1200.Issue1298.test_for_issue,com.alibaba.json.bvt.TimestampTest.test_0,,brittle,https://github.com/alibaba/fastjson/pull/2148
https://github.com/alibaba/fastjson,e05e9c5e4be580691cc55a59f3256595393203a1,.,com.alibaba.json.bvt.parser.DefaultExtJSONParser_parseArray.test_7,com.alibaba.json.bvt.bug.Bug_for_issue_447.test_for_issue,,brittle,https://github.com/alibaba/fastjson/pull/3291
https://github.com/alibaba/fastjson,e05e9c5e4be580691cc55a59f3256595393203a1,.,com.alibaba.json.bvt.parser.DefaultExtJSONParser_parseArray.test_7,com.alibaba.json.bvt.bug.Bug_for_issue_447.test_for_issue,,brittle,https://github.com/alibaba/fastjson/pull/3291
https://github.com/alibaba/fastjson,e05e9c5e4be580691cc55a59f3256595393203a1,.,com.alibaba.json.bvt.parser.DefaultExtJSONParser_parseArray.test_7,com.alibaba.json.bvt.issue_1400.Issue1493.test_for_issue,,brittle,https://github.com/alibaba/fastjson/pull/3291
https://github.com/alibaba/fastjson,e05e9c5e4be580691cc55a59f3256595393203a1,.,com.alibaba.json.bvt.parser.DefaultExtJSONParser_parseArray.test_7,com.alibaba.json.bvt.issue_1600.Issue1660.test_for_issue,,brittle,https://github.com/alibaba/fastjson/pull/3291
https://github.com/alibaba/fastjson,e05e9c5e4be580691cc55a59f3256595393203a1,.,com.alibaba.json.bvt.parser.DefaultExtJSONParser_parseArray.test_7,com.alibaba.json.bvt.joda.JodaTest_0.test_for_issue_2,,brittle,https://github.com/alibaba/fastjson/pull/3291
https://github.com/alibaba/fastjson,e05e9c5e4be580691cc55a59f3256595393203a1,.,com.alibaba.json.bvt.parser.DefaultExtJSONParser_parseArray.test_7,com.alibaba.json.bvt.joda.JodaTest_0.test_for_issue,,brittle,https://github.com/alibaba/fastjson/pull/3291
https://github.com/alibaba/fastjson,e05e9c5e4be580691cc55a59f3256595393203a1,.,com.alibaba.json.bvt.parser.DefaultExtJSONParser_parseArray.test_7,com.alibaba.json.bvt.parser.array.BeanToArrayTest_date.test_date2,,brittle,https://github.com/alibaba/fastjson/pull/3291
https://github.com/alibaba/fastjson,e05e9c5e4be580691cc55a59f3256595393203a1,.,com.alibaba.json.bvt.parser.DefaultExtJSONParser_parseArray.test_7,com.alibaba.json.bvt.parser.array.BeanToArrayTest_date.test_date2_reader,,brittle,https://github.com/alibaba/fastjson/pull/3291
https://github.com/alibaba/fastjson,e05e9c5e4be580691cc55a59f3256595393203a1,.,com.alibaba.json.bvt.parser.DefaultExtJSONParser_parseArray.test_7,com.alibaba.json.bvt.parser.array.BeanToArrayTest_date.test_date,,brittle,https://github.com/alibaba/fastjson/pull/3291
https://github.com/alibaba/fastjson,e05e9c5e4be580691cc55a59f3256595393203a1,.,com.alibaba.json.bvt.parser.DefaultExtJSONParser_parseArray.test_7,com.alibaba.json.bvt.parser.array.BeanToArrayTest_date.test_date_null,,brittle,https://github.com/alibaba/fastjson/pull/3291
https://github.com/alibaba/fastjson,e05e9c5e4be580691cc55a59f3256595393203a1,.,com.alibaba.json.bvt.parser.DefaultExtJSONParser_parseArray.test_7,com.alibaba.json.bvt.parser.array.BeanToArrayTest_date.test_date_null_reader,,brittle,https://github.com/alibaba/fastjson/pull/3291
https://github.com/alibaba/fastjson,e05e9c5e4be580691cc55a59f3256595393203a1,.,com.alibaba.json.bvt.parser.DefaultExtJSONParser_parseArray.test_7,com.alibaba.json.bvt.parser.array.BeanToArrayTest_date.test_date_reader,,brittle,https://github.com/alibaba/fastjson/pull/3291
https://github.com/alibaba/fastjson,e05e9c5e4be580691cc55a59f3256595393203a1,.,com.alibaba.json.bvt.parser.DefaultExtJSONParser_parseArray.test_7,com.alibaba.json.bvt.parser.deser.date.DateParseTest10.test_date,,brittle,https://github.com/alibaba/fastjson/pull/3291
https://github.com/alibaba/fastjson,e05e9c5e4be580691cc55a59f3256595393203a1,.,com.alibaba.json.bvt.parser.DefaultExtJSONParser_parseArray.test_7,com.alibaba.json.bvt.parser.deser.date.DateParseTest6.test_date,,brittle,https://github.com/alibaba/fastjson/pull/3291
https://github.com/alibaba/fastjson,e05e9c5e4be580691cc55a59f3256595393203a1,.,com.alibaba.json.bvt.parser.DefaultExtJSONParser_parseArray.test_7,com.alibaba.json.bvt.parser.deser.date.DateTest.test,,brittle,https://github.com/alibaba/fastjson/pull/3291
https://github.com/alibaba/fastjson,e05e9c5e4be580691cc55a59f3256595393203a1,.,com.alibaba.json.bvt.parser.DefaultExtJSONParser_parseArray.test_7,com.alibaba.json.bvt.parser.deser.date.DateTest.test_reader,,brittle,https://github.com/alibaba/fastjson/pull/3291
https://github.com/alibaba/fastjson,e05e9c5e4be580691cc55a59f3256595393203a1,.,com.alibaba.json.bvt.parser.DefaultExtJSONParser_parseArray.test_7,com.alibaba.json.bvt.serializer.date.DateTest_ISO8601_TimeZone.test_date1,,brittle,https://github.com/alibaba/fastjson/pull/3291
https://github.com/alibaba/fastjson,e05e9c5e4be580691cc55a59f3256595393203a1,.,com.alibaba.json.bvt.parser.DefaultExtJSONParser_parseArray.test_7,com.alibaba.json.bvt.serializer.date.DateTest_ISO8601_TimeZone.test_date2,,brittle,https://github.com/alibaba/fastjson/pull/3291
https://github.com/alibaba/fastjson,e05e9c5e4be580691cc55a59f3256595393203a1,.,com.alibaba.json.bvt.parser.DefaultExtJSONParser_parseArray.test_7,com.alibaba.json.bvt.serializer.date.DateTest_ISO8601_TimeZone.test_date3,,brittle,https://github.com/alibaba/fastjson/pull/3291
https://github.com/alibaba/fastjson,e05e9c5e4be580691cc55a59f3256595393203a1,.,com.alibaba.json.bvt.parser.DefaultExtJSONParser_parseArray.test_7,com.alibaba.json.bvt.serializer.JSONSerializerTest3.test_0,,brittle,https://github.com/alibaba/fastjson/pull/3291
https://github.com/alibaba/fastjson,e05e9c5e4be580691cc55a59f3256595393203a1,.,com.alibaba.json.bvt.parser.DefaultExtJSONParser_parseArray.test_8,com.alibaba.json.bvt.bug.Bug_for_cnhans.test_0,,brittle,https://github.com/alibaba/fastjson/pull/3291
https://github.com/alibaba/fastjson,e05e9c5e4be580691cc55a59f3256595393203a1,.,com.alibaba.json.bvt.parser.DefaultExtJSONParser_parseArray.test_8,com.alibaba.json.bvt.bug.Bug_for_cnhans.test_format,,brittle,https://github.com/alibaba/fastjson/pull/3291
https://github.com/alibaba/fastjson,e05e9c5e4be580691cc55a59f3256595393203a1,.,com.alibaba.json.bvt.parser.DefaultExtJSONParser_parseArray.test_8,com.alibaba.json.bvt.bug.Bug_for_cnhans.test_iso_format,,brittle,https://github.com/alibaba/fastjson/pull/3291
https://github.com/alibaba/fastjson,e05e9c5e4be580691cc55a59f3256595393203a1,.,com.alibaba.json.bvt.parser.DefaultExtJSONParser_parseArray.test_8,com.alibaba.json.bvt.bug.Bug_for_cnhans.test_toJavaObject,,brittle,https://github.com/alibaba/fastjson/pull/3291
https://github.com/alibaba/fastjson,e05e9c5e4be580691cc55a59f3256595393203a1,.,com.alibaba.json.bvt.parser.DefaultExtJSONParser_parseArray.test_8,com.alibaba.json.bvt.bug.Bug_for_issue_331.test_for_issue,,brittle,https://github.com/alibaba/fastjson/pull/3291
https://github.com/alibaba/fastjson,e05e9c5e4be580691cc55a59f3256595393203a1,.,com.alibaba.json.bvt.parser.DefaultExtJSONParser_parseArray.test_8,com.alibaba.json.bvt.bug.Bug_for_issue_331.test_for_issue,,brittle,https://github.com/alibaba/fastjson/pull/3291
https://github.com/alibaba/fastjson,e05e9c5e4be580691cc55a59f3256595393203a1,.,com.alibaba.json.bvt.parser.DefaultExtJSONParser_parseArray.test_8,com.alibaba.json.bvt.bug.Bug_for_issue_447.test_for_issue,,brittle,https://github.com/alibaba/fastjson/pull/3291
https://github.com/alibaba/fastjson,e05e9c5e4be580691cc55a59f3256595393203a1,.,com.alibaba.json.bvt.parser.DefaultExtJSONParser_parseArray.test_8,com.alibaba.json.bvt.date.DateFieldTest9.test_cn_1,,brittle,https://github.com/alibaba/fastjson/pull/3291
https://github.com/alibaba/fastjson,e05e9c5e4be580691cc55a59f3256595393203a1,.,com.alibaba.json.bvt.parser.DefaultExtJSONParser_parseArray.test_8,com.alibaba.json.bvt.date.DateFieldTest9.test_cn_2,,brittle,https://github.com/alibaba/fastjson/pull/3291
https://github.com/alibaba/fastjson,e05e9c5e4be580691cc55a59f3256595393203a1,.,com.alibaba.json.bvt.parser.DefaultExtJSONParser_parseArray.test_8,com.alibaba.json.bvt.date.DateFieldTest9.test_cn_3,,brittle,https://github.com/alibaba/fastjson/pull/3291
https://github.com/alibaba/fastjson,e05e9c5e4be580691cc55a59f3256595393203a1,.,com.alibaba.json.bvt.parser.DefaultExtJSONParser_parseArray.test_8,com.alibaba.json.bvt.date.DateFieldTest9.test_cn_4,,brittle,https://github.com/alibaba/fastjson/pull/3291
https://github.com/alibaba/fastjson,e05e9c5e4be580691cc55a59f3256595393203a1,.,com.alibaba.json.bvt.parser.DefaultExtJSONParser_parseArray.test_8,com.alibaba.json.bvt.date.DateFieldTest9.test_cn,,brittle,https://github.com/alibaba/fastjson/pull/3291
https://github.com/alibaba/fastjson,e05e9c5e4be580691cc55a59f3256595393203a1,.,com.alibaba.json.bvt.parser.DefaultExtJSONParser_parseArray.test_8,com.alibaba.json.bvt.date.DateFieldTest9.test_de,,brittle,https://github.com/alibaba/fastjson/pull/3291
https://github.com/alibaba/fastjson,e05e9c5e4be580691cc55a59f3256595393203a1,.,com.alibaba.json.bvt.parser.DefaultExtJSONParser_parseArray.test_8,com.alibaba.json.bvt.date.DateFieldTest9.test_in,,brittle,https://github.com/alibaba/fastjson/pull/3291
https://github.com/alibaba/fastjson,e05e9c5e4be580691cc55a59f3256595393203a1,.,com.alibaba.json.bvt.parser.DefaultExtJSONParser_parseArray.test_8,com.alibaba.json.bvt.date.DateFieldTest9.test_kr_1,,brittle,https://github.com/alibaba/fastjson/pull/3291
https://github.com/alibaba/fastjson,e05e9c5e4be580691cc55a59f3256595393203a1,.,com.alibaba.json.bvt.parser.DefaultExtJSONParser_parseArray.test_8,com.alibaba.json.bvt.date.DateFieldTest9.test_kr_2,,brittle,https://github.com/alibaba/fastjson/pull/3291
https://github.com/alibaba/fastjson,e05e9c5e4be580691cc55a59f3256595393203a1,.,com.alibaba.json.bvt.parser.DefaultExtJSONParser_parseArray.test_8,com.alibaba.json.bvt.date.DateFieldTest9.test_kr_3,,brittle,https://github.com/alibaba/fastjson/pull/3291
https://github.com/alibaba/fastjson,e05e9c5e4be580691cc55a59f3256595393203a1,.,com.alibaba.json.bvt.parser.DefaultExtJSONParser_parseArray.test_8,com.alibaba.json.bvt.date.DateFieldTest9.test_kr_4,,brittle,https://github.com/alibaba/fastjson/pull/3291
https://github.com/alibaba/fastjson,e05e9c5e4be580691cc55a59f3256595393203a1,.,com.alibaba.json.bvt.parser.DefaultExtJSONParser_parseArray.test_8,com.alibaba.json.bvt.date.DateFieldTest9.test_tw,,brittle,https://github.com/alibaba/fastjson/pull/3291
https://github.com/alibaba/fastjson,e05e9c5e4be580691cc55a59f3256595393203a1,.,com.alibaba.json.bvt.parser.DefaultExtJSONParser_parseArray.test_8,com.alibaba.json.bvt.parser.deser.TimeDeserializerTest.test_time,,brittle,https://github.com/alibaba/fastjson/pull/3291
https://github.com/alibaba/fastjson,e05e9c5e4be580691cc55a59f3256595393203a1,.,com.alibaba.json.bvt.serializer.date.DateTest4_indian.test_date,com.alibaba.json.bvt.date.DateFieldTest4.test_codec_asm,,brittle,https://github.com/alibaba/fastjson/pull/2148
https://github.com/alibaba/fastjson,e05e9c5e4be580691cc55a59f3256595393203a1,.,com.alibaba.json.bvt.serializer.date.DateTest4_indian.test_date,com.alibaba.json.bvt.date.DateFieldTest4.test_codec,,brittle,https://github.com/alibaba/fastjson/pull/2148
https://github.com/alibaba/fastjson,e05e9c5e4be580691cc55a59f3256595393203a1,.,com.alibaba.json.bvt.serializer.date.DateTest4_indian.test_date,com.alibaba.json.bvt.date.DateFieldTest4.test_codec_no_asm,,brittle,https://github.com/alibaba/fastjson/pull/2148
https://github.com/alibaba/fastjson,e05e9c5e4be580691cc55a59f3256595393203a1,.,com.alibaba.json.bvt.serializer.date.DateTest4_indian.test_date,com.alibaba.json.bvt.date.DateFieldTest4.test_codec_null_1,,brittle,https://github.com/alibaba/fastjson/pull/2148
https://github.com/alibaba/fastjson,e05e9c5e4be580691cc55a59f3256595393203a1,.,com.alibaba.json.bvt.serializer.date.DateTest4_indian.test_date,com.alibaba.json.bvt.date.DateFieldTest4.test_codec_null_asm,,brittle,https://github.com/alibaba/fastjson/pull/2148
https://github.com/alibaba/fastjson,e05e9c5e4be580691cc55a59f3256595393203a1,.,com.alibaba.json.bvt.serializer.date.DateTest4_indian.test_date,com.alibaba.json.bvt.jdk8.LocalTimeTest.test_for_issue,,brittle,https://github.com/alibaba/fastjson/pull/2148
https://github.com/alibaba/fastjson,e05e9c5e4be580691cc55a59f3256595393203a1,.,com.alibaba.json.bvt.serializer.date.DateTest4_indian.test_date,com.alibaba.json.bvt.jdk8.LocalTimeTest.test_for_issue,,brittle,https://github.com/alibaba/fastjson/pull/2148
https://github.com/alibaba/fastjson,e05e9c5e4be580691cc55a59f3256595393203a1,.,com.alibaba.json.bvt.serializer.date.DateTest4_indian.test_date,com.alibaba.json.bvt.jdk8.LocalTimeTest.test_for_long,,brittle,https://github.com/alibaba/fastjson/pull/2148
https://github.com/alibaba/fastjson,e05e9c5e4be580691cc55a59f3256595393203a1,.,com.alibaba.json.bvt.serializer.date.DateTest4_indian.test_date,com.alibaba.json.bvt.parser.DateParserTest_sql_timestamp.test_date_1,,brittle,https://github.com/alibaba/fastjson/pull/2148
https://github.com/alibaba/fastjson,e05e9c5e4be580691cc55a59f3256595393203a1,.,com.alibaba.json.bvt.serializer.date.DateTest4_indian.test_date,com.alibaba.json.bvt.parser.DateParserTest_sql_timestamp.test_date_2,,brittle,https://github.com/alibaba/fastjson/pull/2148
https://github.com/alibaba/fastjson,e05e9c5e4be580691cc55a59f3256595393203a1,.,com.alibaba.json.bvt.serializer.date.DateTest4_indian.test_date,com.alibaba.json.bvt.parser.DateParserTest_sql_timestamp.test_date_3,,brittle,https://github.com/alibaba/fastjson/pull/2148
https://github.com/alibaba/fastjson,e05e9c5e4be580691cc55a59f3256595393203a1,.,com.alibaba.json.bvt.serializer.date.DateTest4_indian.test_date,com.alibaba.json.bvt.parser.DateParserTest_sql_timestamp.test_date_4,,brittle,https://github.com/alibaba/fastjson/pull/2148
https://github.com/alibaba/fastjson,e05e9c5e4be580691cc55a59f3256595393203a1,.,com.alibaba.json.bvt.serializer.date.DateTest4_indian.test_date,com.alibaba.json.bvt.parser.DefaultJSONParserTest_date.test_date3,,brittle,https://github.com/alibaba/fastjson/pull/2148
https://github.com/alibaba/fastjson,e05e9c5e4be580691cc55a59f3256595393203a1,.,com.alibaba.json.bvt.serializer.date.DateTest4_indian.test_date,com.alibaba.json.bvt.parser.DefaultJSONParserTest_date.test_date4,,brittle,https://github.com/alibaba/fastjson/pull/2148
https://github.com/alibaba/fastjson,e05e9c5e4be580691cc55a59f3256595393203a1,.,com.alibaba.json.bvt.serializer.date.DateTest4_indian.test_date,com.alibaba.json.bvt.parser.DefaultJSONParserTest_date.test_dateFormat,,brittle,https://github.com/alibaba/fastjson/pull/2148
https://github.com/alibaba/fastjson,e05e9c5e4be580691cc55a59f3256595393203a1,.,com.alibaba.json.bvt.serializer.date.DateTest4_indian.test_date,com.alibaba.json.bvt.parser.DefaultJSONParserTest_date.test_date,,brittle,https://github.com/alibaba/fastjson/pull/2148
https://github.com/alibaba/fastjson,e05e9c5e4be580691cc55a59f3256595393203a1,.,com.alibaba.json.bvt.serializer.date.DateTest4_indian.test_date,com.alibaba.json.bvt.parser.deser.date.DateParseTest5.test_date,,brittle,https://github.com/alibaba/fastjson/pull/2148
https://github.com/alibaba/fastjson,e05e9c5e4be580691cc55a59f3256595393203a1,.,com.alibaba.json.bvt.serializer.date.DateTest4_indian.test_date,com.alibaba.json.bvt.parser.deser.date.DateParseTest6.test_date,,brittle,https://github.com/alibaba/fastjson/pull/2148
https://github.com/alibaba/fastjson,e05e9c5e4be580691cc55a59f3256595393203a1,.,com.alibaba.json.bvt.serializer.date.DateTest4_indian.test_date,com.alibaba.json.bvt.parser.deser.date.DateTest.test,,brittle,https://github.com/alibaba/fastjson/pull/2148
https://github.com/alibaba/fastjson,e05e9c5e4be580691cc55a59f3256595393203a1,.,com.alibaba.json.bvt.serializer.date.DateTest4_indian.test_date,com.alibaba.json.bvt.parser.deser.date.DateTest.test_reader,,brittle,https://github.com/alibaba/fastjson/pull/2148
https://github.com/alibaba/fastjson,e05e9c5e4be580691cc55a59f3256595393203a1,.,com.alibaba.json.bvt.serializer.date.DateTest5_iso8601.test_date,com.alibaba.json.bvt.bug.Bug_for_cnhans.test_0,,brittle,https://github.com/alibaba/fastjson/pull/2148
https://github.com/alibaba/fastjson,e05e9c5e4be580691cc55a59f3256595393203a1,.,com.alibaba.json.bvt.serializer.date.DateTest5_iso8601.test_date,com.alibaba.json.bvt.bug.Bug_for_cnhans.test_format,,brittle,https://github.com/alibaba/fastjson/pull/2148
https://github.com/alibaba/fastjson,e05e9c5e4be580691cc55a59f3256595393203a1,.,com.alibaba.json.bvt.serializer.date.DateTest5_iso8601.test_date,com.alibaba.json.bvt.bug.Bug_for_cnhans.test_iso_format,,brittle,https://github.com/alibaba/fastjson/pull/2148
https://github.com/alibaba/fastjson,e05e9c5e4be580691cc55a59f3256595393203a1,.,com.alibaba.json.bvt.serializer.date.DateTest5_iso8601.test_date,com.alibaba.json.bvt.bug.Bug_for_cnhans.test_toJavaObject,,brittle,https://github.com/alibaba/fastjson/pull/2148
https://github.com/alibaba/fastjson,e05e9c5e4be580691cc55a59f3256595393203a1,.,com.alibaba.json.bvt.serializer.date.DateTest5_iso8601.test_date,com.alibaba.json.bvt.date.DateFieldTest6.test_0,,brittle,https://github.com/alibaba/fastjson/pull/2148
https://github.com/alibaba/fastjson,e05e9c5e4be580691cc55a59f3256595393203a1,.,com.alibaba.json.bvt.serializer.date.DateTest5_iso8601.test_date,com.alibaba.json.bvt.date.DateFieldTest7.test_0,,brittle,https://github.com/alibaba/fastjson/pull/2148
https://github.com/alibaba/fastjson,e05e9c5e4be580691cc55a59f3256595393203a1,.,com.alibaba.json.bvt.serializer.date.DateTest5_iso8601.test_date,com.alibaba.json.bvt.parser.deser.date.DateParseTest5.test_date,,brittle,https://github.com/alibaba/fastjson/pull/2148
https://github.com/alibaba/fastjson,e05e9c5e4be580691cc55a59f3256595393203a1,.,com.alibaba.json.bvt.serializer.date.DateTest5_iso8601.test_date,com.alibaba.json.bvt.parser.deser.date.DateParseTest6.test_date,,brittle,https://github.com/alibaba/fastjson/pull/2148
https://github.com/alibaba/fastjson,e05e9c5e4be580691cc55a59f3256595393203a1,.,com.alibaba.json.bvt.serializer.date.DateTest5_iso8601.test_date,com.alibaba.json.bvt.parser.deser.date.DateTest.test,,brittle,https://github.com/alibaba/fastjson/pull/2148
https://github.com/alibaba/fastjson,e05e9c5e4be580691cc55a59f3256595393203a1,.,com.alibaba.json.bvt.serializer.date.DateTest5_iso8601.test_date,com.alibaba.json.bvt.parser.deser.date.DateTest.test,,brittle,https://github.com/alibaba/fastjson/pull/2148
https://github.com/alibaba/fastjson,e05e9c5e4be580691cc55a59f3256595393203a1,.,com.alibaba.json.bvt.serializer.date.DateTest5_iso8601.test_date,com.alibaba.json.bvt.serializer.date.DateTest.test_0,,brittle,https://github.com/alibaba/fastjson/pull/2148
https://github.com/alibaba/fastjson,e05e9c5e4be580691cc55a59f3256595393203a1,.,com.alibaba.json.bvt.serializer.date.DateTest5_iso8601.test_date,com.alibaba.json.bvt.serializer.date.DateTest.test_1,,brittle,https://github.com/alibaba/fastjson/pull/2148
https://github.com/alibaba/fastjson,e05e9c5e4be580691cc55a59f3256595393203a1,.,com.alibaba.json.bvt.serializer.date.DateTest5_iso8601.test_date,com.alibaba.json.bvt.serializer.date.DateTest.test_2,,brittle,https://github.com/alibaba/fastjson/pull/2148
https://github.com/alibaba/fastjson,e05e9c5e4be580691cc55a59f3256595393203a1,.,com.alibaba.json.bvt.serializer.date.DateTest5_iso8601.test_date,com.alibaba.json.bvt.serializer.date.DateTest.test_3,,brittle,https://github.com/alibaba/fastjson/pull/2148
https://github.com/alibaba/fastjson,e05e9c5e4be580691cc55a59f3256595393203a1,.,com.alibaba.json.bvt.serializer.date.DateTest5_iso8601.test_date,com.alibaba.json.bvt.serializer.date.DateTest.test_4,,brittle,https://github.com/alibaba/fastjson/pull/2148
https://github.com/alibaba/fastjson,e05e9c5e4be580691cc55a59f3256595393203a1,.,com.alibaba.json.bvt.serializer.date.DateTest5_iso8601.test_date,com.alibaba.json.bvt.serializer.date.DateTest.test_5,,brittle,https://github.com/alibaba/fastjson/pull/2148
https://github.com/alibaba/fastjson,e05e9c5e4be580691cc55a59f3256595393203a1,.,com.alibaba.json.bvt.serializer.date.DateTest5_iso8601.test_date,com.alibaba.json.bvt.serializer.date.DateTest.test_6,,brittle,https://github.com/alibaba/fastjson/pull/2148
https://github.com/alibaba/fastjson,e05e9c5e4be580691cc55a59f3256595393203a1,.,com.alibaba.json.bvt.serializer.date.DateTest5_iso8601.test_date,com.alibaba.json.bvt.serializer.date.DateTest.test_7,,brittle,https://github.com/alibaba/fastjson/pull/2148
https://github.com/alibaba/fastjson,e05e9c5e4be580691cc55a59f3256595393203a1,.,com.alibaba.json.bvt.serializer.date.DateTest5_iso8601.test_date,com.alibaba.json.bvt.serializer.date.DateTest.test_8,,brittle,https://github.com/alibaba/fastjson/pull/2148
https://github.com/alibaba/fastjson,e05e9c5e4be580691cc55a59f3256595393203a1,.,com.alibaba.json.bvt.serializer.date.DateTest5_iso8601.test_date,com.alibaba.json.bvt.serializer.date.DateTest.test_9,,brittle,https://github.com/alibaba/fastjson/pull/2148
https://github.com/alibaba/Sentinel,051d583fd89a8ecd509d182a1883335119f1a8bf,sentinel-extension/sentinel-annotation-aspectj,com.alibaba.csp.sentinel.annotation.aspectj.integration.SentinelAnnotationIntegrationTest.testFallBackPrivateMethod,com.alibaba.csp.sentinel.annotation.aspectj.integration.SentinelAnnotationIntegrationTest.testFallbackWithNoParams,,brittle,https://github.com/alibaba/Sentinel/pull/2558
https://github.com/wildfly/wildfly,b19048b72669fc0e96665b1b125dc1fda21f5993,naming,org.jboss.as.naming.WritableServiceBasedNamingStoreTestCase.testPermissions,org.jboss.as.naming.InitialContextFactoryTestCase.testInitialFactory,,brittle,https://github.com/wildfly/wildfly/pull/11833
https://github.com/wildfly/wildfly,b19048b72669fc0e96665b1b125dc1fda21f5993,naming,org.jboss.as.naming.WritableServiceBasedNamingStoreTestCase.testPermissions,org.jboss.as.naming.InitialContextFactoryTestCase.testJavaContext,,brittle,https://github.com/wildfly/wildfly/pull/11833
https://github.com/wildfly/wildfly,b19048b72669fc0e96665b1b125dc1fda21f5993,naming,org.jboss.as.naming.WritableServiceBasedNamingStoreTestCase.testPermissions,org.jboss.as.naming.NamingContextTestCase.testCreateSubcontext,,brittle,https://github.com/wildfly/wildfly/pull/11833
https://github.com/wildfly/wildfly,b19048b72669fc0e96665b1b125dc1fda21f5993,naming,org.jboss.as.naming.WritableServiceBasedNamingStoreTestCase.testPermissions,org.jboss.as.naming.NamingContextTestCase.testListBindingsWithContinuation,,brittle,https://github.com/wildfly/wildfly/pull/11833
https://github.com/wildfly/wildfly,b19048b72669fc0e96665b1b125dc1fda21f5993,naming,org.jboss.as.naming.WritableServiceBasedNamingStoreTestCase.testPermissions,org.jboss.as.naming.NamingContextTestCase.testListWithContinuation,,brittle,https://github.com/wildfly/wildfly/pull/11833
https://github.com/wildfly/wildfly,b19048b72669fc0e96665b1b125dc1fda21f5993,naming,org.jboss.as.naming.WritableServiceBasedNamingStoreTestCase.testPermissions,org.jboss.as.naming.NamingContextTestCase.testRebindReferenceable,,brittle,https://github.com/wildfly/wildfly/pull/11833
https://github.com/wildfly/wildfly,b19048b72669fc0e96665b1b125dc1fda21f5993,naming,org.jboss.as.naming.WritableServiceBasedNamingStoreTestCase.testPermissions,org.jboss.as.naming.ObjectFactoryTestCase.testBindAndRetrieveObjectFactoryFromInitialContext,,brittle,https://github.com/wildfly/wildfly/pull/11833
https://github.com/wildfly/wildfly,b19048b72669fc0e96665b1b125dc1fda21f5993,naming,org.jboss.as.naming.WritableServiceBasedNamingStoreTestCase.testPermissions,org.jboss.as.naming.ObjectFactoryTestCase.testBindAndRetrieveObjectFactoryFromNamingContext,,brittle,https://github.com/wildfly/wildfly/pull/11833
https://github.com/wildfly/wildfly,b19048b72669fc0e96665b1b125dc1fda21f5993,naming,org.jboss.as.naming.WritableServiceBasedNamingStoreTestCase.testPermissions,org.jboss.as.naming.ServiceBasedNamingStoreTestCase.testListBindings,,brittle,https://github.com/wildfly/wildfly/pull/11833
https://github.com/wildfly/wildfly,b19048b72669fc0e96665b1b125dc1fda21f5993,naming,org.jboss.as.naming.WritableServiceBasedNamingStoreTestCase.testPermissions,org.jboss.as.naming.ServiceBasedNamingStoreTestCase.testLookupBinding,,brittle,https://github.com/wildfly/wildfly/pull/11833
https://github.com/wildfly/wildfly,b19048b72669fc0e96665b1b125dc1fda21f5993,naming,org.jboss.as.naming.WritableServiceBasedNamingStoreTestCase.testPermissions,org.jboss.as.naming.ServiceBasedNamingStoreTestCase.testLookupBindingUsingNestedContext,,brittle,https://github.com/wildfly/wildfly/pull/11833
https://github.com/wildfly/wildfly,b19048b72669fc0e96665b1b125dc1fda21f5993,naming,org.jboss.as.naming.WritableServiceBasedNamingStoreTestCase.testPermissions,org.jboss.as.naming.ServiceBasedNamingStoreTestCase.testStoredContext,,brittle,https://github.com/wildfly/wildfly/pull/11833
https://github.com/wildfly/wildfly,b19048b72669fc0e96665b1b125dc1fda21f5993,naming,org.jboss.as.naming.WritableServiceBasedNamingStoreTestCase.testPermissions,org.jboss.as.naming.WritableServiceBasedNamingStoreTestCase.testBindNested,,brittle,https://github.com/wildfly/wildfly/pull/11833
https://github.com/wildfly/wildfly,b19048b72669fc0e96665b1b125dc1fda21f5993,naming,org.jboss.as.naming.WritableServiceBasedNamingStoreTestCase.testPermissions,org.jboss.as.naming.WritableServiceBasedNamingStoreTestCase.testRebind,,brittle,https://github.com/wildfly/wildfly/pull/11833
