Project URL,SHA Detected,Module Path,Fully-Qualified Test Name (packageName.ClassName.methodName),Category,Status,PR Link,Notes,repostatus,fixed,flaky,created,Java Version
https://github.com/epam/eco-schema-catalog,7456ece21f9a88095885f20247189551da3a1810,store,com.epam.eco.schemacatalog.store.metadata.InheritingMetadataContainerTest.testPutRemove1,ID,Accepted,https://github.com/epam/eco-schema-catalog/pull/42,https://github.com/TestingResearchIllinois/idoft/issues/577,,5ddb3d20189a2ca68ba9ff13184232dcfb8a3adc,39cc5440e6e5fbf82b9380c55a1545fe7e3f7865,created,Java 8
https://github.com/epam/eco-schema-catalog,7456ece21f9a88095885f20247189551da3a1810,store,com.epam.eco.schemacatalog.store.metadata.InheritingMetadataContainerTest.testRemove1,ID,Accepted,https://github.com/epam/eco-schema-catalog/pull/42,https://github.com/TestingResearchIllinois/idoft/issues/577,,5ddb3d20189a2ca68ba9ff13184232dcfb8a3adc,39cc5440e6e5fbf82b9380c55a1545fe7e3f7865,created,Java 8
https://github.com/epam/eco-schema-catalog,7456ece21f9a88095885f20247189551da3a1810,store,com.epam.eco.schemacatalog.store.metadata.InheritingMetadataContainerTest.testRemove2,ID,Accepted,https://github.com/epam/eco-schema-catalog/pull/42,https://github.com/TestingResearchIllinois/idoft/issues/577,,5ddb3d20189a2ca68ba9ff13184232dcfb8a3adc,39cc5440e6e5fbf82b9380c55a1545fe7e3f7865,created,Java 8
https://github.com/Ericsson/ecchronos,5d58b0e4c922822c9df3d893fff2246d5784b11f,core,com.ericsson.bss.cassandra.ecchronos.core.repair.state.TestRepairStateImpl.testPartiallyRepaired,ID,Accepted,https://github.com/Ericsson/ecchronos/pull/294,,,f0c60999313dd1ad274129685480a6de58b9a5ef,1576deab33049f484c213ff1fd2fae7c66bddda1,created,Java 11
https://github.com/Ericsson/ecchronos,5d58b0e4c922822c9df3d893fff2246d5784b11f,core,com.ericsson.bss.cassandra.ecchronos.core.repair.TestRepairGroup.testGetPartialRepairTasks,ID,Accepted,https://github.com/Ericsson/ecchronos/pull/244,,,caad1754c527affdb35540c4fbbc4c2dd55e9751,1576deab33049f484c213ff1fd2fae7c66bddda1,created,Java 11
https://github.com/Ericsson/ecchronos,5d58b0e4c922822c9df3d893fff2246d5784b11f,core,com.ericsson.bss.cassandra.ecchronos.core.repair.TestRepairTask.testPartialRepair,ID,Accepted,https://github.com/Ericsson/ecchronos/pull/244,,,caad1754c527affdb35540c4fbbc4c2dd55e9751,1576deab33049f484c213ff1fd2fae7c66bddda1,created,Java 11
https://github.com/Ericsson/ecchronos,5d58b0e4c922822c9df3d893fff2246d5784b11f,core,com.ericsson.bss.cassandra.ecchronos.core.repair.TestRepairTask.testRepairHalf,ID,Accepted,https://github.com/Ericsson/ecchronos/pull/244,,,caad1754c527affdb35540c4fbbc4c2dd55e9751,1576deab33049f484c213ff1fd2fae7c66bddda1,created,Java 11
https://github.com/Ericsson/ecchronos,5d58b0e4c922822c9df3d893fff2246d5784b11f,core,com.ericsson.bss.cassandra.ecchronos.core.repair.TestRepairTask.testRepairSuccessfully,ID,Accepted,https://github.com/Ericsson/ecchronos/pull/244,,,caad1754c527affdb35540c4fbbc4c2dd55e9751,1576deab33049f484c213ff1fd2fae7c66bddda1,created,Java 11
https://github.com/Erudika/para,4e5c7de01e1a88ee830216b35fae8d1ef3314d32,para-server,com.erudika.para.persistence.MockDAOTest.testReadPage,ID,Accepted,https://github.com/Erudika/para/pull/83,,,c07db0b862941d48b1aabfcea1bc10cbcca7831e,4bd69e0fff9109017f791a7edb719c692933bae8,created,Java 11
https://github.com/everit-org/json-schema,81f0b2f5381cf964a49570a5f80bc78e12b5982b,core,org.everit.json.schema.ObjectSchemaTest.multipleSchemaDepViolation,ID,Accepted,https://github.com/everit-org/json-schema/pull/500,,,f69ea37357985e9e2efc7d1fd5dce7672f60a160,d1294873f0d105f6f58ae69a82a4b89621f1a971,created,Java 11
https://github.com/everit-org/json-schema,81f0b2f5381cf964a49570a5f80bc78e12b5982b,core,org.everit.json.schema.ObjectSchemaTest.toStringNoExplicitType,ID,Accepted,https://github.com/everit-org/json-schema/pull/516,,,4d08550b1f2cc7f0e6129b44908eea87bc65909c,d1294873f0d105f6f58ae69a82a4b89621f1a971,created,Java 11
https://github.com/everit-org/json-schema,81f0b2f5381cf964a49570a5f80bc78e12b5982b,core,org.everit.json.schema.ObjectSchemaTest.toStringTest,ID,Accepted,https://github.com/everit-org/json-schema/pull/516,,,4d08550b1f2cc7f0e6129b44908eea87bc65909c,d1294873f0d105f6f58ae69a82a4b89621f1a971,created,Java 11
https://github.com/everit-org/json-schema,81f0b2f5381cf964a49570a5f80bc78e12b5982b,core,org.everit.json.schema.ObjectSchemaTest.toStringWithUnprocessedProps,ID,Accepted,https://github.com/everit-org/json-schema/pull/516,,,4d08550b1f2cc7f0e6129b44908eea87bc65909c,d1294873f0d105f6f58ae69a82a4b89621f1a971,created,Java 11
https://github.com/fabiomaffioletti/jsondoc,de5bd0024b4e5444a541fa4fa4ec518176b646f3,jsondoc-core,org.jsondoc.core.scanner.builder.JSONDocApiAuthBuilderTest.testApiAuthToken,ID,Accepted,https://github.com/fabiomaffioletti/jsondoc/pull/261,,,3b3907f455ba8b8ee17c3700b4e5ca0334b15f6f,15b433ed719763fb2eb69e691383202244e8f10c,created,Java 11
https://github.com/FasterXML/java-classmate,912adde71f67719c7b1ed7df3c7ba28e8ba97876,.,com.fasterxml.classmate.members.GhostTypeParameterInFieldTest.testGhostTypeParameterWithInterface,ID,Accepted,https://github.com/FasterXML/java-classmate/pull/68,,,bd0b344c4b3b2cbfa06d4c685d90b71851c0c043,1a920a1427e3d6dc100bcffdf594be79807ca576,created,Java 11
https://github.com/flowable/flowable-engine,399ab58c5c29b2437c56f5418d8610bc3fb3381d,modules/flowable-cmmn-engine-configurator,org.flowable.cmmn.test.ProcessTaskTest.testExitAvailableProcessTaskThroughExitSentryOnStage,ID,Accepted,https://github.com/flowable/flowable-engine/pull/2204,,,c8e707d5e50776b9fcff9d8dea9bd1cf87dd7159,51d0a2c3420632e0ce889d7d18f96d944a758d97,created,Java 11
https://github.com/flowable/flowable-engine,399ab58c5c29b2437c56f5418d8610bc3fb3381d,modules/flowable-cmmn-engine,org.flowable.cmmn.test.el.VariableFunctionDelegatesTest.testVariableEquals,ID,Accepted,https://github.com/flowable/flowable-engine/pull/2204,,,c8e707d5e50776b9fcff9d8dea9bd1cf87dd7159,51d0a2c3420632e0ce889d7d18f96d944a758d97,created,Java 11
https://github.com/flowable/flowable-engine,399ab58c5c29b2437c56f5418d8610bc3fb3381d,modules/flowable-cmmn-engine,org.flowable.cmmn.test.el.VariableFunctionDelegatesTest.testVariableEqualsVariableNotQuoted,ID,Accepted,https://github.com/flowable/flowable-engine/pull/2204,,,c8e707d5e50776b9fcff9d8dea9bd1cf87dd7159,51d0a2c3420632e0ce889d7d18f96d944a758d97,created,Java 11
https://github.com/flowable/flowable-engine,399ab58c5c29b2437c56f5418d8610bc3fb3381d,modules/flowable-cmmn-engine,org.flowable.cmmn.test.itemcontrol.RepetitionRuleTest.testRepeatingRuleUserEventListener,ID,Accepted,https://github.com/flowable/flowable-engine/pull/2204,,,c8e707d5e50776b9fcff9d8dea9bd1cf87dd7159,51d0a2c3420632e0ce889d7d18f96d944a758d97,created,Java 11
https://github.com/flowable/flowable-engine,399ab58c5c29b2437c56f5418d8610bc3fb3381d,modules/flowable-cmmn-engine,org.flowable.cmmn.test.runtime.CaseTaskTest.testTerminateAvailableCaseTask,ID,Accepted,https://github.com/flowable/flowable-engine/pull/2204,,,c8e707d5e50776b9fcff9d8dea9bd1cf87dd7159,51d0a2c3420632e0ce889d7d18f96d944a758d97,created,Java 11
https://github.com/flowable/flowable-engine,399ab58c5c29b2437c56f5418d8610bc3fb3381d,modules/flowable-cmmn-engine,org.flowable.cmmn.test.runtime.ExitCriteriaTest.testExitPlanModelWithExpression,ID,Accepted,https://github.com/flowable/flowable-engine/pull/2204,,,c8e707d5e50776b9fcff9d8dea9bd1cf87dd7159,51d0a2c3420632e0ce889d7d18f96d944a758d97,created,Java 11
https://github.com/flowable/flowable-engine,399ab58c5c29b2437c56f5418d8610bc3fb3381d,modules/flowable-engine,org.flowable.engine.test.api.runtime.changestate.ChangeStateForGatewaysTest.testSetCurrentActivityToMultipleActivitiesForParallelGateway,ID,Accepted,https://github.com/flowable/flowable-engine/pull/2197,,,32376804f6793371d6647ed65aad038f83fb7d4d,51d0a2c3420632e0ce889d7d18f96d944a758d97,created,Java 11
https://github.com/flowable/flowable-engine,399ab58c5c29b2437c56f5418d8610bc3fb3381d,modules/flowable-engine,org.flowable.engine.test.api.runtime.changestate.ChangeStateTest.testSetCurrentActivityForSubProcessWithVariables,ID,Accepted,https://github.com/flowable/flowable-engine/pull/2147,,,0f490495615e1c8170bc58731d4469d04138f62f,51d0a2c3420632e0ce889d7d18f96d944a758d97,created,Java 11
https://github.com/flowable/flowable-engine,399ab58c5c29b2437c56f5418d8610bc3fb3381d,modules/flowable-engine,org.flowable.engine.test.api.runtime.changestate.ChangeStateTest.testSetCurrentExecutionForSubProcessWithVariables,ID,Accepted,https://github.com/flowable/flowable-engine/pull/2147,,,0f490495615e1c8170bc58731d4469d04138f62f,51d0a2c3420632e0ce889d7d18f96d944a758d97,created,Java 11
https://github.com/flowable/flowable-engine,399ab58c5c29b2437c56f5418d8610bc3fb3381d,modules/flowable-engine,org.flowable.engine.test.api.runtime.migration.ProcessInstanceMigrationGatewaysTest.testMigrateActivityInsideExclusiveGatewayToActivityOutside,ID,Accepted,https://github.com/flowable/flowable-engine/pull/2204,,,c8e707d5e50776b9fcff9d8dea9bd1cf87dd7159,51d0a2c3420632e0ce889d7d18f96d944a758d97,created,Java 11
https://github.com/flowable/flowable-engine,399ab58c5c29b2437c56f5418d8610bc3fb3381d,modules/flowable-engine,org.flowable.engine.test.api.runtime.migration.ProcessInstanceMigrationGatewaysTest.testMigrateActivityToExclusiveGatewayStartInsideEmbeddedSubProcessDefaultFlow,ID,Accepted,https://github.com/flowable/flowable-engine/pull/2204,,,c8e707d5e50776b9fcff9d8dea9bd1cf87dd7159,51d0a2c3420632e0ce889d7d18f96d944a758d97,created,Java 11
https://github.com/flowable/flowable-engine,399ab58c5c29b2437c56f5418d8610bc3fb3381d,modules/flowable-engine,org.flowable.engine.test.api.runtime.migration.ProcessInstanceMigrationGatewaysTest.testMigrateActivityToExclusiveGatewayStartInsideEmbeddedSubProcess,ID,Accepted,https://github.com/flowable/flowable-engine/pull/2204,,,c8e707d5e50776b9fcff9d8dea9bd1cf87dd7159,51d0a2c3420632e0ce889d7d18f96d944a758d97,created,Java 11
https://github.com/flowable/flowable-engine,399ab58c5c29b2437c56f5418d8610bc3fb3381d,modules/flowable-engine,org.flowable.engine.test.api.runtime.migration.ProcessInstanceMigrationGatewaysTest.testMigrateActivityToExclusiveGatewayStartWithConditionSpecifiedAsProcessVariableDuringMigration,ID,Accepted,https://github.com/flowable/flowable-engine/pull/2204,,,c8e707d5e50776b9fcff9d8dea9bd1cf87dd7159,51d0a2c3420632e0ce889d7d18f96d944a758d97,created,Java 11
https://github.com/flowable/flowable-engine,399ab58c5c29b2437c56f5418d8610bc3fb3381d,modules/flowable-engine,org.flowable.engine.test.api.runtime.migration.ProcessInstanceMigrationGatewaysTest.testMigrateActivityToExclusiveGatewayStartWithConditionSpecifiedBeforeMigration,ID,Accepted,https://github.com/flowable/flowable-engine/pull/2204,,,c8e707d5e50776b9fcff9d8dea9bd1cf87dd7159,51d0a2c3420632e0ce889d7d18f96d944a758d97,created,Java 11
https://github.com/flowable/flowable-engine,399ab58c5c29b2437c56f5418d8610bc3fb3381d,modules/flowable-engine,org.flowable.engine.test.api.runtime.migration.ProcessInstanceMigrationGatewaysTest.testMigrateActivityToExclusiveGatewayStartWithConditionSpecifiedDuringMigration,ID,Accepted,https://github.com/flowable/flowable-engine/pull/2204,,,c8e707d5e50776b9fcff9d8dea9bd1cf87dd7159,51d0a2c3420632e0ce889d7d18f96d944a758d97,created,Java 11
https://github.com/flowable/flowable-engine,399ab58c5c29b2437c56f5418d8610bc3fb3381d,modules/flowable-engine,org.flowable.engine.test.api.runtime.migration.ProcessInstanceMigrationGatewaysTest.testMigrateActivityToExclusiveGatewayStartWithDefaultFlow,ID,Accepted,https://github.com/flowable/flowable-engine/pull/2204,,,c8e707d5e50776b9fcff9d8dea9bd1cf87dd7159,51d0a2c3420632e0ce889d7d18f96d944a758d97,created,Java 11
https://github.com/flowable/flowable-engine,399ab58c5c29b2437c56f5418d8610bc3fb3381d,modules/flowable-engine,org.flowable.engine.test.el.function.VariableExpressionFunctionsTest.testGetVariableEquals,ID,Accepted,https://github.com/flowable/flowable-engine/pull/2204,,,c8e707d5e50776b9fcff9d8dea9bd1cf87dd7159,51d0a2c3420632e0ce889d7d18f96d944a758d97,created,Java 11
https://github.com/funkygao/cp-ddd-framework,8c69f6a50db83459356a2ae66a910b1905fe4eb5,dddplus-test,io.github.dddplus.runtime.registry.IntegrationTest.exportDomainArtifacts,ID,Accepted,https://github.com/funkygao/cp-ddd-framework/pull/65,,,0bd59fd9701fd82446046ab26290fc136d1eb2be,2e9c42dd02553fb0682cccfd6343efdb274254f2,created,Java 8
https://github.com/gchq/Gaffer,ca465ec9243c7ed981528379e351bddeae8d5c83,core/common-util,uk.gov.gchq.gaffer.commonutil.OneOrMoreTest.shouldAddAllItemsWithDeduplicate,ID,Accepted,https://github.com/gchq/Gaffer/pull/3033,,,68ae277fa04261cbeb7c7c487d4a2727a9be9d7d,a181bd211efc4dcf9ac0950736c5f2b551fc3661,created,Java 8
https://github.com/gchq/Gaffer,ca465ec9243c7ed981528379e351bddeae8d5c83,core/common-util,uk.gov.gchq.gaffer.commonutil.OneOrMoreTest.shouldAddItemsWithDeduplicate,ID,Accepted,https://github.com/gchq/Gaffer/pull/3033,,,68ae277fa04261cbeb7c7c487d4a2727a9be9d7d,a181bd211efc4dcf9ac0950736c5f2b551fc3661,created,Java 8
https://github.com/GoogleCloudPlatform/DataflowTemplates,5094c7b39de511c9ed441d9fde28553a88f68e4b,.,com.google.cloud.teleport.templates.TextToBigQueryStreamingTest.wrapBigQueryInsertErrorReturnsValidJSON,ID,Accepted,https://github.com/GoogleCloudPlatform/DataflowTemplates/pull/1176,https://github.com/GoogleCloudPlatform/DataflowTemplates/issues/1175,,84530b72c33eb9804d6142142109c512eaab0a79,bc030ca3d174afae8a89760da7f215d11118e40d,created,Java 11
https://github.com/google/TestParameterInjector,5d67f8cb66481638bcd117227bd0103c32c84491,junit4,com.google.testing.junit.testparameterinjector.ParameterValueParsingTest.formatTestNameString_success[ARRAY],ID,Accepted,https://github.com/google/TestParameterInjector/pull/41,,,a46bb948ef8b74ff1c848ee920463b18310f8fc6,cbcab685f0593ff890dc7f3917f338a8b2baffaa,created,Java 11
https://github.com/google/TestParameterInjector,5d67f8cb66481638bcd117227bd0103c32c84491,junit4,com.google.testing.junit.testparameterinjector.ParameterValueParsingTest.formatTestNameString_success[CHAR_MATCHER],ID,Accepted,https://github.com/google/TestParameterInjector/pull/41,,,a46bb948ef8b74ff1c848ee920463b18310f8fc6,cbcab685f0593ff890dc7f3917f338a8b2baffaa,created,Java 11
https://github.com/google/TestParameterInjector,5d67f8cb66481638bcd117227bd0103c32c84491,junit4,com.google.testing.junit.testparameterinjector.ParameterValueParsingTest.formatTestNameString_success[EMPTY_STRING],ID,Accepted,https://github.com/google/TestParameterInjector/pull/41,,,a46bb948ef8b74ff1c848ee920463b18310f8fc6,cbcab685f0593ff890dc7f3917f338a8b2baffaa,created,Java 11
https://github.com/google/TestParameterInjector,5d67f8cb66481638bcd117227bd0103c32c84491,junit4,com.google.testing.junit.testparameterinjector.ParameterValueParsingTest.formatTestNameString_success[INTEGER],ID,Accepted,https://github.com/google/TestParameterInjector/pull/41,,,a46bb948ef8b74ff1c848ee920463b18310f8fc6,cbcab685f0593ff890dc7f3917f338a8b2baffaa,created,Java 11
https://github.com/google/TestParameterInjector,5d67f8cb66481638bcd117227bd0103c32c84491,junit4,com.google.testing.junit.testparameterinjector.ParameterValueParsingTest.formatTestNameString_success[INTEGER_STRING],ID,Accepted,https://github.com/google/TestParameterInjector/pull/41,,,a46bb948ef8b74ff1c848ee920463b18310f8fc6,cbcab685f0593ff890dc7f3917f338a8b2baffaa,created,Java 11
https://github.com/google/TestParameterInjector,5d67f8cb66481638bcd117227bd0103c32c84491,junit4,com.google.testing.junit.testparameterinjector.ParameterValueParsingTest.formatTestNameString_success[NULL_REFERENCE],ID,Accepted,https://github.com/google/TestParameterInjector/pull/41,,,a46bb948ef8b74ff1c848ee920463b18310f8fc6,cbcab685f0593ff890dc7f3917f338a8b2baffaa,created,Java 11
https://github.com/google/TestParameterInjector,5d67f8cb66481638bcd117227bd0103c32c84491,junit4,com.google.testing.junit.testparameterinjector.ParameterValueParsingTest.formatTestNameString_success[NULL_STRING],ID,Accepted,https://github.com/google/TestParameterInjector/pull/41,,,a46bb948ef8b74ff1c848ee920463b18310f8fc6,cbcab685f0593ff890dc7f3917f338a8b2baffaa,created,Java 11
https://github.com/google/TestParameterInjector,5d67f8cb66481638bcd117227bd0103c32c84491,junit4,com.google.testing.junit.testparameterinjector.ParameterValueParsingTest.formatTestNameString_success[REGULAR_STRING],ID,Accepted,https://github.com/google/TestParameterInjector/pull/41,,,a46bb948ef8b74ff1c848ee920463b18310f8fc6,cbcab685f0593ff890dc7f3917f338a8b2baffaa,created,Java 11
https://github.com/google/TestParameterInjector,5d67f8cb66481638bcd117227bd0103c32c84491,junit4,com.google.testing.junit.testparameterinjector.ParameterValueParsingTest.parseYamlStringToJavaType_success[BIG_INTEGER_TO_BIGINTEGER],ID,Accepted,https://github.com/google/TestParameterInjector/pull/41,,,a46bb948ef8b74ff1c848ee920463b18310f8fc6,cbcab685f0593ff890dc7f3917f338a8b2baffaa,created,Java 11
https://github.com/google/TestParameterInjector,5d67f8cb66481638bcd117227bd0103c32c84491,junit4,com.google.testing.junit.testparameterinjector.ParameterValueParsingTest.parseYamlStringToJavaType_success[BIG_INTEGER_TO_UNSIGNED_LONG],ID,Accepted,https://github.com/google/TestParameterInjector/pull/41,,,a46bb948ef8b74ff1c848ee920463b18310f8fc6,cbcab685f0593ff890dc7f3917f338a8b2baffaa,created,Java 11
https://github.com/google/TestParameterInjector,5d67f8cb66481638bcd117227bd0103c32c84491,junit4,com.google.testing.junit.testparameterinjector.ParameterValueParsingTest.parseYamlStringToJavaType_success[BINARY_TO_BYTESTRING],ID,Accepted,https://github.com/google/TestParameterInjector/pull/41,,,a46bb948ef8b74ff1c848ee920463b18310f8fc6,cbcab685f0593ff890dc7f3917f338a8b2baffaa,created,Java 11
https://github.com/google/TestParameterInjector,5d67f8cb66481638bcd117227bd0103c32c84491,junit4,com.google.testing.junit.testparameterinjector.ParameterValueParsingTest.parseYamlStringToJavaType_success[BOOLEAN_TO_BOOLEAN],ID,Accepted,https://github.com/google/TestParameterInjector/pull/41,,,a46bb948ef8b74ff1c848ee920463b18310f8fc6,cbcab685f0593ff890dc7f3917f338a8b2baffaa,created,Java 11
https://github.com/google/TestParameterInjector,5d67f8cb66481638bcd117227bd0103c32c84491,junit4,com.google.testing.junit.testparameterinjector.ParameterValueParsingTest.parseYamlStringToJavaType_success[BOOLEAN_TO_STRING],ID,Accepted,https://github.com/google/TestParameterInjector/pull/41,,,a46bb948ef8b74ff1c848ee920463b18310f8fc6,cbcab685f0593ff890dc7f3917f338a8b2baffaa,created,Java 11
https://github.com/google/TestParameterInjector,5d67f8cb66481638bcd117227bd0103c32c84491,junit4,com.google.testing.junit.testparameterinjector.ParameterValueParsingTest.parseYamlStringToJavaType_success[DOUBLE_TO_DOUBLE],ID,Accepted,https://github.com/google/TestParameterInjector/pull/41,,,a46bb948ef8b74ff1c848ee920463b18310f8fc6,cbcab685f0593ff890dc7f3917f338a8b2baffaa,created,Java 11
https://github.com/google/TestParameterInjector,5d67f8cb66481638bcd117227bd0103c32c84491,junit4,com.google.testing.junit.testparameterinjector.ParameterValueParsingTest.parseYamlStringToJavaType_success[DOUBLE_TO_STRING],ID,Accepted,https://github.com/google/TestParameterInjector/pull/41,,,a46bb948ef8b74ff1c848ee920463b18310f8fc6,cbcab685f0593ff890dc7f3917f338a8b2baffaa,created,Java 11
https://github.com/google/TestParameterInjector,5d67f8cb66481638bcd117227bd0103c32c84491,junit4,com.google.testing.junit.testparameterinjector.ParameterValueParsingTest.parseYamlStringToJavaType_success[INFINITY_TO_DOUBLE],ID,Accepted,https://github.com/google/TestParameterInjector/pull/41,,,a46bb948ef8b74ff1c848ee920463b18310f8fc6,cbcab685f0593ff890dc7f3917f338a8b2baffaa,created,Java 11
https://github.com/google/TestParameterInjector,5d67f8cb66481638bcd117227bd0103c32c84491,junit4,com.google.testing.junit.testparameterinjector.ParameterValueParsingTest.parseYamlStringToJavaType_success[INTEGER_TO_BIG_INTEGER],ID,Accepted,https://github.com/google/TestParameterInjector/pull/41,,,a46bb948ef8b74ff1c848ee920463b18310f8fc6,cbcab685f0593ff890dc7f3917f338a8b2baffaa,created,Java 11
https://github.com/google/TestParameterInjector,5d67f8cb66481638bcd117227bd0103c32c84491,junit4,com.google.testing.junit.testparameterinjector.ParameterValueParsingTest.parseYamlStringToJavaType_success[INTEGER_TO_UNSIGNED_LONG],ID,Accepted,https://github.com/google/TestParameterInjector/pull/41,,,a46bb948ef8b74ff1c848ee920463b18310f8fc6,cbcab685f0593ff890dc7f3917f338a8b2baffaa,created,Java 11
https://github.com/google/TestParameterInjector,5d67f8cb66481638bcd117227bd0103c32c84491,junit4,com.google.testing.junit.testparameterinjector.ParameterValueParsingTest.parseYamlStringToJavaType_success[INT_TO_DOUBLE],ID,Accepted,https://github.com/google/TestParameterInjector/pull/41,,,a46bb948ef8b74ff1c848ee920463b18310f8fc6,cbcab685f0593ff890dc7f3917f338a8b2baffaa,created,Java 11
https://github.com/google/TestParameterInjector,5d67f8cb66481638bcd117227bd0103c32c84491,junit4,com.google.testing.junit.testparameterinjector.ParameterValueParsingTest.parseYamlStringToJavaType_success[INT_TO_FLOAT],ID,Accepted,https://github.com/google/TestParameterInjector/pull/41,,,a46bb948ef8b74ff1c848ee920463b18310f8fc6,cbcab685f0593ff890dc7f3917f338a8b2baffaa,created,Java 11
https://github.com/google/TestParameterInjector,5d67f8cb66481638bcd117227bd0103c32c84491,junit4,com.google.testing.junit.testparameterinjector.ParameterValueParsingTest.parseYamlStringToJavaType_success[INT_TO_INT],ID,Accepted,https://github.com/google/TestParameterInjector/pull/41,,,a46bb948ef8b74ff1c848ee920463b18310f8fc6,cbcab685f0593ff890dc7f3917f338a8b2baffaa,created,Java 11
https://github.com/google/TestParameterInjector,5d67f8cb66481638bcd117227bd0103c32c84491,junit4,com.google.testing.junit.testparameterinjector.ParameterValueParsingTest.parseYamlStringToJavaType_success[INT_TO_LONG],ID,Accepted,https://github.com/google/TestParameterInjector/pull/41,,,a46bb948ef8b74ff1c848ee920463b18310f8fc6,cbcab685f0593ff890dc7f3917f338a8b2baffaa,created,Java 11
https://github.com/google/TestParameterInjector,5d67f8cb66481638bcd117227bd0103c32c84491,junit4,com.google.testing.junit.testparameterinjector.ParameterValueParsingTest.parseYamlStringToJavaType_success[INT_TO_STRING],ID,Accepted,https://github.com/google/TestParameterInjector/pull/41,,,a46bb948ef8b74ff1c848ee920463b18310f8fc6,cbcab685f0593ff890dc7f3917f338a8b2baffaa,created,Java 11
https://github.com/google/TestParameterInjector,5d67f8cb66481638bcd117227bd0103c32c84491,junit4,com.google.testing.junit.testparameterinjector.ParameterValueParsingTest.parseYamlStringToJavaType_success[LONG_TO_BIG_INTEGER],ID,Accepted,https://github.com/google/TestParameterInjector/pull/41,,,a46bb948ef8b74ff1c848ee920463b18310f8fc6,cbcab685f0593ff890dc7f3917f338a8b2baffaa,created,Java 11
https://github.com/google/TestParameterInjector,5d67f8cb66481638bcd117227bd0103c32c84491,junit4,com.google.testing.junit.testparameterinjector.ParameterValueParsingTest.parseYamlStringToJavaType_success[LONG_TO_DOUBLE],ID,Accepted,https://github.com/google/TestParameterInjector/pull/41,,,a46bb948ef8b74ff1c848ee920463b18310f8fc6,cbcab685f0593ff890dc7f3917f338a8b2baffaa,created,Java 11
https://github.com/google/TestParameterInjector,5d67f8cb66481638bcd117227bd0103c32c84491,junit4,com.google.testing.junit.testparameterinjector.ParameterValueParsingTest.parseYamlStringToJavaType_success[LONG_TO_LONG],ID,Accepted,https://github.com/google/TestParameterInjector/pull/41,,,a46bb948ef8b74ff1c848ee920463b18310f8fc6,cbcab685f0593ff890dc7f3917f338a8b2baffaa,created,Java 11
https://github.com/google/TestParameterInjector,5d67f8cb66481638bcd117227bd0103c32c84491,junit4,com.google.testing.junit.testparameterinjector.ParameterValueParsingTest.parseYamlStringToJavaType_success[LONG_TO_STRING],ID,Accepted,https://github.com/google/TestParameterInjector/pull/41,,,a46bb948ef8b74ff1c848ee920463b18310f8fc6,cbcab685f0593ff890dc7f3917f338a8b2baffaa,created,Java 11
https://github.com/google/TestParameterInjector,5d67f8cb66481638bcd117227bd0103c32c84491,junit4,com.google.testing.junit.testparameterinjector.ParameterValueParsingTest.parseYamlStringToJavaType_success[LONG_TO_UNSIGNED_LONG],ID,Accepted,https://github.com/google/TestParameterInjector/pull/41,,,a46bb948ef8b74ff1c848ee920463b18310f8fc6,cbcab685f0593ff890dc7f3917f338a8b2baffaa,created,Java 11
https://github.com/google/TestParameterInjector,5d67f8cb66481638bcd117227bd0103c32c84491,junit4,com.google.testing.junit.testparameterinjector.ParameterValueParsingTest.parseYamlStringToJavaType_success[NAN_TO_DOUBLE],ID,Accepted,https://github.com/google/TestParameterInjector/pull/41,,,a46bb948ef8b74ff1c848ee920463b18310f8fc6,cbcab685f0593ff890dc7f3917f338a8b2baffaa,created,Java 11
https://github.com/google/TestParameterInjector,5d67f8cb66481638bcd117227bd0103c32c84491,junit4,com.google.testing.junit.testparameterinjector.ParameterValueParsingTest.parseYamlStringToJavaType_success[NEGATIVE_INFINITY_TO_DOUBLE],ID,Accepted,https://github.com/google/TestParameterInjector/pull/41,,,a46bb948ef8b74ff1c848ee920463b18310f8fc6,cbcab685f0593ff890dc7f3917f338a8b2baffaa,created,Java 11
https://github.com/google/TestParameterInjector,5d67f8cb66481638bcd117227bd0103c32c84491,junit4,com.google.testing.junit.testparameterinjector.ParameterValueParsingTest.parseYamlStringToJavaType_success[POSITIVE_INFINITY_TO_DOUBLE],ID,Accepted,https://github.com/google/TestParameterInjector/pull/41,,,a46bb948ef8b74ff1c848ee920463b18310f8fc6,cbcab685f0593ff890dc7f3917f338a8b2baffaa,created,Java 11
https://github.com/google/TestParameterInjector,5d67f8cb66481638bcd117227bd0103c32c84491,junit4,com.google.testing.junit.testparameterinjector.ParameterValueParsingTest.parseYamlStringToJavaType_success[STRING_TO_BYTES],ID,Accepted,https://github.com/google/TestParameterInjector/pull/41,,,a46bb948ef8b74ff1c848ee920463b18310f8fc6,cbcab685f0593ff890dc7f3917f338a8b2baffaa,created,Java 11
https://github.com/google/TestParameterInjector,5d67f8cb66481638bcd117227bd0103c32c84491,junit4,com.google.testing.junit.testparameterinjector.ParameterValueParsingTest.parseYamlStringToJavaType_success[STRING_TO_BYTESTRING],ID,Accepted,https://github.com/google/TestParameterInjector/pull/41,,,a46bb948ef8b74ff1c848ee920463b18310f8fc6,cbcab685f0593ff890dc7f3917f338a8b2baffaa,created,Java 11
https://github.com/google/TestParameterInjector,5d67f8cb66481638bcd117227bd0103c32c84491,junit4,com.google.testing.junit.testparameterinjector.ParameterValueParsingTest.parseYamlStringToJavaType_success[STRING_TO_ENUM],ID,Accepted,https://github.com/google/TestParameterInjector/pull/41,,,a46bb948ef8b74ff1c848ee920463b18310f8fc6,cbcab685f0593ff890dc7f3917f338a8b2baffaa,created,Java 11
https://github.com/google/TestParameterInjector,5d67f8cb66481638bcd117227bd0103c32c84491,junit4,com.google.testing.junit.testparameterinjector.TestParametersMethodProcessorTest.test_success[MixedWithTestParameterMethodAnnotation],ID,Accepted,https://github.com/google/TestParameterInjector/pull/41,,,a46bb948ef8b74ff1c848ee920463b18310f8fc6,cbcab685f0593ff890dc7f3917f338a8b2baffaa,created,Java 11
https://github.com/google/TestParameterInjector,5d67f8cb66481638bcd117227bd0103c32c84491,junit4,com.google.testing.junit.testparameterinjector.TestParameterTest.test[MultipleAnnotatedParameters],ID,Accepted,https://github.com/google/TestParameterInjector/pull/41,,,a46bb948ef8b74ff1c848ee920463b18310f8fc6,cbcab685f0593ff890dc7f3917f338a8b2baffaa,created,Java 11
https://github.com/google/TestParameterInjector,5d67f8cb66481638bcd117227bd0103c32c84491,junit4,com.google.testing.junit.testparameterinjector.TestParameterTest.test[WithValuesProvider],ID,Accepted,https://github.com/google/TestParameterInjector/pull/41,,,a46bb948ef8b74ff1c848ee920463b18310f8fc6,cbcab685f0593ff890dc7f3917f338a8b2baffaa,created,Java 11
https://github.com/graphhopper/graphhopper,b65d9413e2dc29b662a1bb2db146b536471167a9,core,com.graphhopper.search.StringIndexTest.putDuplicate,ID,Accepted,https://github.com/graphhopper/graphhopper/pull/2480,,,c7d9f979157f21f235b12f61d9bf5d508ab87b34,bb2abb9fe2c49e9e6c8ab93b3222ce437e67534a,created,Java 11
https://github.com/graphhopper/graphhopper,b65d9413e2dc29b662a1bb2db146b536471167a9,core,com.graphhopper.search.StringIndexTest.testLoadKeys,ID,Accepted,https://github.com/graphhopper/graphhopper/pull/2480,,,c7d9f979157f21f235b12f61d9bf5d508ab87b34,bb2abb9fe2c49e9e6c8ab93b3222ce437e67534a,created,Java 11
https://github.com/Graylog2/graylog2-server,87d63f677759336987fbb21fd9c688235618e7bb,graylog2-server,org.graylog2.contentpacks.model.entities.references.ValueReferenceTest.serializeBoolean,ID,Accepted,https://github.com/Graylog2/graylog2-server/pull/6908,,,00574b86928e26cb2d36c0b8a92ac64d84f93e9c,e8154d8e1c7b3578aeba1d24dc3d9c3e4ca13b56,created,Java 8
https://github.com/Graylog2/graylog2-server,87d63f677759336987fbb21fd9c688235618e7bb,graylog2-server,org.graylog2.contentpacks.model.entities.references.ValueReferenceTest.serializeEnum,ID,Accepted,https://github.com/Graylog2/graylog2-server/pull/6908,,,00574b86928e26cb2d36c0b8a92ac64d84f93e9c,e8154d8e1c7b3578aeba1d24dc3d9c3e4ca13b56,created,Java 8
https://github.com/Graylog2/graylog2-server,87d63f677759336987fbb21fd9c688235618e7bb,graylog2-server,org.graylog2.contentpacks.model.entities.references.ValueReferenceTest.serializeFloat,ID,Accepted,https://github.com/Graylog2/graylog2-server/pull/6908,,,00574b86928e26cb2d36c0b8a92ac64d84f93e9c,e8154d8e1c7b3578aeba1d24dc3d9c3e4ca13b56,created,Java 8
https://github.com/Graylog2/graylog2-server,87d63f677759336987fbb21fd9c688235618e7bb,graylog2-server,org.graylog2.contentpacks.model.entities.references.ValueReferenceTest.serializeInteger,ID,Accepted,https://github.com/Graylog2/graylog2-server/pull/6908,,,00574b86928e26cb2d36c0b8a92ac64d84f93e9c,e8154d8e1c7b3578aeba1d24dc3d9c3e4ca13b56,created,Java 8
https://github.com/Graylog2/graylog2-server,87d63f677759336987fbb21fd9c688235618e7bb,graylog2-server,org.graylog2.contentpacks.model.entities.references.ValueReferenceTest.serializeParameter,ID,Accepted,https://github.com/Graylog2/graylog2-server/pull/6908,,,00574b86928e26cb2d36c0b8a92ac64d84f93e9c,e8154d8e1c7b3578aeba1d24dc3d9c3e4ca13b56,created,Java 8
https://github.com/Graylog2/graylog2-server,87d63f677759336987fbb21fd9c688235618e7bb,graylog2-server,org.graylog2.contentpacks.model.entities.references.ValueReferenceTest.serializeString,ID,Accepted,https://github.com/Graylog2/graylog2-server/pull/6908,,,00574b86928e26cb2d36c0b8a92ac64d84f93e9c,e8154d8e1c7b3578aeba1d24dc3d9c3e4ca13b56,created,Java 8
https://github.com/Graylog2/graylog2-server,87d63f677759336987fbb21fd9c688235618e7bb,graylog2-server,org.graylog2.migrations.V20161215163900_MoveIndexSetDefaultConfigTest.upgrade,ID,Accepted,https://github.com/Graylog2/graylog2-server/pull/8078,,,44e20876d7d7d62f3b591534e04c05d4e98ab2ec,e8154d8e1c7b3578aeba1d24dc3d9c3e4ca13b56,created,Java 8
https://github.com/Graylog2/graylog2-server,87d63f677759336987fbb21fd9c688235618e7bb,graylog2-server,org.graylog.plugins.views.search.rest.ViewSharingResourceTest.summarizeUsersReturnsListOfUsersIfCurrentUserIsNull,ID,Accepted,https://github.com/Graylog2/graylog2-server/pull/7473,,,46667f72bc29b06ed646041c28477c5b8568a573,e8154d8e1c7b3578aeba1d24dc3d9c3e4ca13b56,created,Java 8
https://github.com/Graylog2/graylog2-server,87d63f677759336987fbb21fd9c688235618e7bb,graylog2-server,org.graylog.plugins.views.search.rest.ViewSharingResourceTest.summarizeUsersReturnsListOfUsersWithoutTheCurrent,ID,Accepted,https://github.com/Graylog2/graylog2-server/pull/7473,,,46667f72bc29b06ed646041c28477c5b8568a573,e8154d8e1c7b3578aeba1d24dc3d9c3e4ca13b56,created,Java 8
https://github.com/Graylog2/graylog2-server,87d63f677759336987fbb21fd9c688235618e7bb,graylog2-server,org.graylog.plugins.views.search.views.ViewRequirementsTest.mergesMultipleResultsFromMultipleChecksWithConflictingKeys,ID,Accepted,https://github.com/Graylog2/graylog2-server/pull/6562,,,278f49933fbd175aa52f98efea4b52a2f21e7a06,e8154d8e1c7b3578aeba1d24dc3d9c3e4ca13b56,created,Java 8
https://github.com/Graylog2/graylog2-server,87d63f677759336987fbb21fd9c688235618e7bb,graylog2-server,org.graylog.plugins.views.search.views.ViewRequirementsTest.mergesResultsFromMultipleChecks,ID,Accepted,https://github.com/Graylog2/graylog2-server/pull/6562,,,278f49933fbd175aa52f98efea4b52a2f21e7a06,e8154d8e1c7b3578aeba1d24dc3d9c3e4ca13b56,created,Java 8
https://github.com/hellokaton/30-seconds-of-java8,1af5d4dee567f00e662cb9b74abc16067312e338,.,snippets.SnippetsTests.group_elements_by_length,ID,Accepted,https://github.com/hellokaton/30-seconds-of-java8/pull/5,,,ccef8c1af143fa929445defa64366dfb1728c37e,3440bbc36cf2b5492ce38522a6759a70d73f9a7b,created,Java 11
https://github.com/HubSpot/jinjava,b428343af85e613805674cd44dad416dfddde09c,.,com.hubspot.jinjava.lib.filter.ListFilterTest.itConvertsSetsToLists,ID,Accepted,https://github.com/HubSpot/jinjava/pull/827,,,9f06136b8d043feb132c508334a6f416d4f8d812,dfcd7622d0e8ea02068d51398f3af7b4ec76667e,created,Java 11
https://github.com/HubSpot/jinjava,b428343af85e613805674cd44dad416dfddde09c,.,com.hubspot.jinjava.lib.filter.ToJsonFilterTest.itWritesObjectAsString,ID,Accepted,https://github.com/HubSpot/jinjava/pull/827,,,9f06136b8d043feb132c508334a6f416d4f8d812,dfcd7622d0e8ea02068d51398f3af7b4ec76667e,created,Java 11
https://github.com/HubSpot/jinjava,b428343af85e613805674cd44dad416dfddde09c,.,com.hubspot.jinjava.lib.filter.ToYamlFilterTest.itWritesObjectAsString,ID,Accepted,https://github.com/HubSpot/jinjava/pull/827,,,9f06136b8d043feb132c508334a6f416d4f8d812,dfcd7622d0e8ea02068d51398f3af7b4ec76667e,created,Java 11
https://github.com/immutables/immutables,b21e6bbfbb9038100532416c81e8270951c3e03a,value-fixture,org.immutables.fixture.jackson.BugsTest.roundtrip353,ID,Accepted,https://github.com/immutables/immutables/pull/1350,,,033039a2d11c1caa306e09def7a81145e4322370,6a75a95e090b768ca4c2c8dcdc8f46ea04b69784,created,Java 11
https://github.com/immutables/immutables,b21e6bbfbb9038100532416c81e8270951c3e03a,value-fixture,org.immutables.fixture.jackson.ObjectMappedTest.anyGetterSetter,ID,Accepted,https://github.com/immutables/immutables/pull/1350,,,033039a2d11c1caa306e09def7a81145e4322370,6a75a95e090b768ca4c2c8dcdc8f46ea04b69784,created,Java 11
https://github.com/immutables/immutables,b21e6bbfbb9038100532416c81e8270951c3e03a,value-fixture,org.immutables.fixture.jackson.ObjectMappedTest.jacksonMetaAnnotated,ID,Accepted,https://github.com/immutables/immutables/pull/1350,,,033039a2d11c1caa306e09def7a81145e4322370,6a75a95e090b768ca4c2c8dcdc8f46ea04b69784,created,Java 11
https://github.com/immutables/immutables,b21e6bbfbb9038100532416c81e8270951c3e03a,value-fixture,org.immutables.fixture.jackson.ObjectMappedTest.keywordNames,ID,Accepted,https://github.com/immutables/immutables/pull/1350,,,033039a2d11c1caa306e09def7a81145e4322370,6a75a95e090b768ca4c2c8dcdc8f46ea04b69784,created,Java 11
https://github.com/immutables/immutables,b21e6bbfbb9038100532416c81e8270951c3e03a,value-fixture,org.immutables.fixture.modifiable.ModifiablesTest.modifiableImmutableCollections,ID,Accepted,https://github.com/immutables/immutables/pull/1350,,,033039a2d11c1caa306e09def7a81145e4322370,6a75a95e090b768ca4c2c8dcdc8f46ea04b69784,created,Java 11
https://github.com/intel/jndn-utils,b4f2fb28e48d8a4bc18410ec6c932c0c229f8884,.,com.intel.jndn.utils.client.impl.DefaultSegmentedClientTest.testGetSegmentsAsync,ID,Accepted,https://github.com/intel/jndn-utils/pull/8,RepoArchived,,d82c97c579ffb025a3fa65f96af4ddae4432011c,7f670b259484c35d51a6c5acce5715b0573faedd,created,Java 11
https://github.com/intel/jndn-utils,b4f2fb28e48d8a4bc18410ec6c932c0c229f8884,.,com.intel.jndn.utils.client.impl.DefaultSegmentedClientTest.verifyThatSegmentsAreRetrievedOnlyOnce,ID,Accepted,https://github.com/intel/jndn-utils/pull/8,RepoArchived,,d82c97c579ffb025a3fa65f96af4ddae4432011c,7f670b259484c35d51a6c5acce5715b0573faedd,created,Java 11
https://github.com/j256/ormlite-core,61ebf9e20fcc1e243de3e40b235445bae4de6dbc,.,com.j256.ormlite.table.DatabaseTableConfigTest.testMultiAfter,ID,Accepted,https://github.com/j256/ormlite-core/pull/304,,,e7490edc5128bb5a839caf27942758746479594f,9ad67ef3d5aebade834b1a2eff4188a5a1cbdc41,created,Java 11
https://github.com/j256/ormlite-core,f75ab557d902b11a7ae320e713c3a7fd5ba1f117,.,com.j256.ormlite.field.FieldTypeTest.testAssignForeign,ID,InspiredAFix,https://github.com/j256/ormlite-core/pull/228,,,4d6a911b31d022bc59e60931fde453f6c3cd5d26,eb8ba329b377f839c5e80f64dd81f45fd330e951,created,Java 11
https://github.com/j256/ormlite-core,f75ab557d902b11a7ae320e713c3a7fd5ba1f117,.,com.j256.ormlite.field.FieldTypeTest.testCanBeNull,ID,Accepted,https://github.com/j256/ormlite-core/pull/228,,,4d6a911b31d022bc59e60931fde453f6c3cd5d26,eb8ba329b377f839c5e80f64dd81f45fd330e951,created,Java 11
https://github.com/j256/ormlite-core,f75ab557d902b11a7ae320e713c3a7fd5ba1f117,.,com.j256.ormlite.field.FieldTypeTest.testFieldForeign,ID,InspiredAFix,https://github.com/j256/ormlite-core/pull/228,,,4d6a911b31d022bc59e60931fde453f6c3cd5d26,eb8ba329b377f839c5e80f64dd81f45fd330e951,created,Java 11
https://github.com/j256/ormlite-core,f75ab557d902b11a7ae320e713c3a7fd5ba1f117,.,com.j256.ormlite.field.FieldTypeTest.testFieldTypeConverter,ID,InspiredAFix,https://github.com/j256/ormlite-core/pull/228,,,4d6a911b31d022bc59e60931fde453f6c3cd5d26,eb8ba329b377f839c5e80f64dd81f45fd330e951,created,Java 11
https://github.com/j256/ormlite-core,f75ab557d902b11a7ae320e713c3a7fd5ba1f117,.,com.j256.ormlite.field.FieldTypeTest.testFieldType,ID,InspiredAFix,https://github.com/j256/ormlite-core/pull/228,,,4d6a911b31d022bc59e60931fde453f6c3cd5d26,eb8ba329b377f839c5e80f64dd81f45fd330e951,created,Java 11
https://github.com/j256/ormlite-core,f75ab557d902b11a7ae320e713c3a7fd5ba1f117,.,com.j256.ormlite.field.FieldTypeTest.testGeneratedIdDefaultValue,ID,InspiredAFix,https://github.com/j256/ormlite-core/pull/228,,,4d6a911b31d022bc59e60931fde453f6c3cd5d26,eb8ba329b377f839c5e80f64dd81f45fd330e951,created,Java 11
https://github.com/j256/ormlite-core,f75ab557d902b11a7ae320e713c3a7fd5ba1f117,.,com.j256.ormlite.field.FieldTypeTest.testSetIdFieldString,ID,InspiredAFix,https://github.com/j256/ormlite-core/pull/228,,,4d6a911b31d022bc59e60931fde453f6c3cd5d26,eb8ba329b377f839c5e80f64dd81f45fd330e951,created,Java 11
https://github.com/j256/ormlite-core,f75ab557d902b11a7ae320e713c3a7fd5ba1f117,.,com.j256.ormlite.field.FieldTypeTest.testSetValueField,ID,InspiredAFix,https://github.com/j256/ormlite-core/pull/228,,,4d6a911b31d022bc59e60931fde453f6c3cd5d26,eb8ba329b377f839c5e80f64dd81f45fd330e951,created,Java 11
https://github.com/j256/ormlite-core,f75ab557d902b11a7ae320e713c3a7fd5ba1f117,.,com.j256.ormlite.field.FieldTypeTest.testThrowIfNullNotPrimitive,ID,InspiredAFix,https://github.com/j256/ormlite-core/pull/228,,,4d6a911b31d022bc59e60931fde453f6c3cd5d26,eb8ba329b377f839c5e80f64dd81f45fd330e951,created,Java 11
https://github.com/j256/ormlite-core,f75ab557d902b11a7ae320e713c3a7fd5ba1f117,.,com.j256.ormlite.support.DatabaseConnectionProxyFactoryTest.testBasic,ID,Accepted,https://github.com/j256/ormlite-core/pull/222,,,0e0fd7013afa284ac458874defaf90504136e938,eb8ba329b377f839c5e80f64dd81f45fd330e951,created,Java 11
https://github.com/j256/ormlite-core,f75ab557d902b11a7ae320e713c3a7fd5ba1f117,.,com.j256.ormlite.support.DatabaseConnectionProxyFactoryTest.testChangeInsertValue,ID,Accepted,https://github.com/j256/ormlite-core/pull/222,,,0e0fd7013afa284ac458874defaf90504136e938,eb8ba329b377f839c5e80f64dd81f45fd330e951,created,Java 11
https://github.com/j256/ormlite-core,f75ab557d902b11a7ae320e713c3a7fd5ba1f117,.,com.j256.ormlite.support.ReflectionDatabaseConnectionProxyFactoryTest.testBasic,ID,Accepted,https://github.com/j256/ormlite-core/pull/223,,,f0ff9a1ed7e70086a4704a365c12149a9eef0d00,eb8ba329b377f839c5e80f64dd81f45fd330e951,created,Java 11
https://github.com/j256/ormlite-core,f75ab557d902b11a7ae320e713c3a7fd5ba1f117,.,com.j256.ormlite.table.TableUtilsTest.testComboIndex,ID,InspiredAFix,https://github.com/j256/ormlite-core/pull/240,https://github.com/j256/ormlite-core/issues/238,,04c05bdd4acc7576ac84d1fe3bb9a8ed6b662410,eb8ba329b377f839c5e80f64dd81f45fd330e951,created,Java 11
https://github.com/javadev/underscore-java,cd437058731dcce7ce0206857610b8c3842384e6,.,com.github.underscore.ArraysTest.replace,ID,Accepted,https://github.com/javadev/underscore-java/pull/304,,,595dc34189b2ec73e8badfa273e5725e71d0a2ee,2987dd38290472010f3d0bf75b5b5b498d72f1bf,created,Java 11
https://github.com/jdereg/json-io,0df114821029ecb9bfbd0e3657f2b515c9a85889,.,com.cedarsoftware.io.CollectionTests.testEnumsInsideOfACollection_whenWritingAsObject_withPrivateMembersIncluded,ID,Accepted,https://github.com/jdereg/json-io/pull/301,,,d0c8b93cb45d0415d5ca8cb6a7e4aafaff7d5969,89c1533f24089cceca87dbe698637f3e12541477,created,Java 11
https://github.com/jdereg/json-io,a6f9b6bbf0bd99cd9fa681d7ffeceb90ea87461e,.,com.cedarsoftware.io.MapsTest.testMap,ID,Accepted,https://github.com/jdereg/json-io/pull/302,,,c2c007c214c52de5eb4be75490d90896d8916466,82208fd7721e5108a27cbc26fae28c48fa295ecc,created,Java 11
https://github.com/jdereg/json-io,f8958ef52bbdc94f8aed7d98c96d2775200ec7e7,.,com.cedarsoftware.util.io.AtomicIntegerTest.testAssignAtomicInteger,ID,Accepted,https://github.com/jdereg/json-io/pull/295,,,9f55e5ba93f9343cd91d0a1c6c2db65b28050e29,c51a5fac0d6ea4423137e7c6267e8a26ea7ac6d6,created,Java 11
https://github.com/jdereg/json-io,f8958ef52bbdc94f8aed7d98c96d2775200ec7e7,.,com.cedarsoftware.util.io.EnumTests.testEnumWithPrivateMembersAsField_withPrivatesOn,ID,Accepted,https://github.com/jdereg/json-io/pull/297,,,9237102adfeccdcfd3694931d551c24957962520,c51a5fac0d6ea4423137e7c6267e8a26ea7ac6d6,created,Java 11
https://github.com/jmeter-maven-plugin/jmeter-maven-plugin,618363c461843ec2849cdc15d53ee85bdbaec3f2,.,com.lazerycode.jmeter.json.TestConfigTest.createConfigFromResourceFile,ID,Accepted,https://github.com/jmeter-maven-plugin/jmeter-maven-plugin/pull/408,,,6636cd7cf376f23ed49a2cdcc91d7b4b9ff66ec5,4508d76d82e74246001d19b4fb79a00577bfc12c,created,Java 11
https://github.com/karatelabs/karate,09bc49eb6fcfc029a09dbdb385137ff71985c89b,karate-core,com.intuit.karate.JsonUtilsTest.testPojoConversion,ID,Accepted,https://github.com/karatelabs/karate/pull/1829,,,dbae11816f3ce1b4f62c6bc150af575f3a947438,2b45168df0d8ade7d609b83acf46a942a560fe1f,created,Java 11
https://github.com/karatelabs/karate,14807dbf8d7c45f709299574222dd498b1fa5e67,karate-core,com.intuit.karate.JsonUtilsTest.testBeanConversion,ID,Accepted,https://github.com/karatelabs/karate/pull/1829,,,dbae11816f3ce1b4f62c6bc150af575f3a947438,7a1c9e248883ac896d1e9c4a635361643588536f,created,Java 11
https://github.com/knowm/XChange,d56e61f2cf1368f917965a8c43f292a2a1b28ebc,xchange-kraken,org.knowm.xchange.kraken.KrakenUtilsTest.testAdaptTradeHistoryByCurrencyPair,ID,Accepted,https://github.com/knowm/XChange/pull/4788,,,f23f951c20855f07a6c28913112c0e7246396240,b7dfec0907ffe86f1d2a65e882ec25d5b5731705,created,Java 11
https://github.com/lets-blade/blade,2f1c463ee37537a31ca64634719cf618496e3500,blade-core,com.hellokaton.blade.BladeTest.testAddStatics,ID,Accepted,https://github.com/lets-blade/blade/pull/455,,,81ba02a5038dc14c4c149f36ea83ce1274731c8d,daceb0e75a5a76e3820948a1d26bd12253745660,created,Java 11
https://github.com/liquibase/liquibase,31a22561423919b3875e0563a7bdcde3b9e457a9,liquibase-core,liquibase.sqlgenerator.core.AddColumnGeneratorDefaultClauseBeforeNotNullTest.testAddMultipleColumnsMySql,ID,Accepted,https://github.com/liquibase/liquibase/pull/926,,,71906e08c9116895329c7e37ea648b4c1de6af77,e110a84f44139fc64bf848c28c4cd4271389755a,created,Java 11
https://github.com/liquibase/liquibase,31a22561423919b3875e0563a7bdcde3b9e457a9,liquibase-core,liquibase.sqlgenerator.core.AddColumnGeneratorTest.testAddMultipleColumnsMySql,ID,Accepted,https://github.com/liquibase/liquibase/pull/926,,,71906e08c9116895329c7e37ea648b4c1de6af77,e110a84f44139fc64bf848c28c4cd4271389755a,created,Java 11
https://github.com/liquibase/liquibase,31a22561423919b3875e0563a7bdcde3b9e457a9,liquibase-core,liquibase.sqlgenerator.core.DropColumnGeneratorTest.testDropMultipleColumnsMySQL,ID,Accepted,https://github.com/liquibase/liquibase/pull/926,,,71906e08c9116895329c7e37ea648b4c1de6af77,e110a84f44139fc64bf848c28c4cd4271389755a,created,Java 11
https://github.com/liquibase/liquibase,31a22561423919b3875e0563a7bdcde3b9e457a9,liquibase-core,liquibase.util.DependencyUtilTest.testIndependentBranchesCase,ID,Accepted,https://github.com/liquibase/liquibase/pull/1005,,,2245ab746e137d6c97ff42ff47ccf0e430a0f59e,e110a84f44139fc64bf848c28c4cd4271389755a,created,Java 11
https://github.com/microsoft/botbuilder-java,c048de28cc11d4250014d042fb57e57a1c6bdba5,libraries/bot-connector,com.microsoft.bot.restclient.AdditionalPropertiesSerializerTests.canSerializeAdditionalProperties,ID,Accepted,https://github.com/microsoft/botbuilder-java/pull/1367,RepoArchived,,6367769151a712e553b0d83a2baab9b81fe7574e,d170c23a021d946521e6f37062bc7abbdf19a20a,created,Java 11
https://github.com/microsoft/botbuilder-java,c048de28cc11d4250014d042fb57e57a1c6bdba5,libraries/bot-connector,com.microsoft.bot.restclient.AdditionalPropertiesSerializerTests.canSerializeAdditionalPropertiesThroughInheritance,ID,Accepted,https://github.com/microsoft/botbuilder-java/pull/1367,RepoArchived,,6367769151a712e553b0d83a2baab9b81fe7574e,d170c23a021d946521e6f37062bc7abbdf19a20a,created,Java 11
https://github.com/microsoft/botbuilder-java,c048de28cc11d4250014d042fb57e57a1c6bdba5,libraries/bot-connector,com.microsoft.bot.restclient.FlatteningSerializerTests.canFlatten,ID,Accepted,https://github.com/microsoft/botbuilder-java/pull/1367,RepoArchived,,6367769151a712e553b0d83a2baab9b81fe7574e,d170c23a021d946521e6f37062bc7abbdf19a20a,created,Java 11
https://github.com/microsoft/botbuilder-java,c048de28cc11d4250014d042fb57e57a1c6bdba5,libraries/bot-connector,com.microsoft.bot.restclient.FlatteningSerializerTests.canSerializeMapKeysWithDotAndSlash,ID,Accepted,https://github.com/microsoft/botbuilder-java/pull/1367,RepoArchived,,6367769151a712e553b0d83a2baab9b81fe7574e,d170c23a021d946521e6f37062bc7abbdf19a20a,created,Java 11
https://github.com/mirromutth/r2dbc-mysql,4b6afab92001d3e47d38278463bc7944f9eacd9b,.,dev.miku.r2dbc.mysql.codec.SetCodecTest.binarySet,ID,Accepted,https://github.com/mirromutth/r2dbc-mysql/pull/216,RepoArchived,,76beeac4fec35b6b1a49f1fcfd0407441d5ec8b2,eb8348c765d66aeffb5258d8400615a47c487634,created,Java 11
https://github.com/mirromutth/r2dbc-mysql,4b6afab92001d3e47d38278463bc7944f9eacd9b,.,dev.miku.r2dbc.mysql.codec.SetCodecTest.stringifySet,ID,Accepted,https://github.com/mirromutth/r2dbc-mysql/pull/216,RepoArchived,,76beeac4fec35b6b1a49f1fcfd0407441d5ec8b2,eb8348c765d66aeffb5258d8400615a47c487634,created,Java 11
